794051130641813,NUOC,1,,
781820658531527,EECS 213 Study Group,2,,
802439779802948,UNICEF Marketing & PR,7,UNICEF NU,Student Organization/Club Groups
780547035325556,2016 NU TFI Counseling Cohort (Student Group),3,NU TFI,Student Organization/Club Groups
795586583821601,UNICEF NU,10,UNICEF NU,Student Organization/Club Groups
790198717693721,Tuba Quartet!,3,Tuba,Student Organization/Club Groups
797402330306693,RHA Social Chairs,16,RHA,Student Organization/Club Groups
792931390753787,LOC 211 CHIPOTLE,5,Learning Organization Change,Major
787059478007645,BOP USA and BOP Russia,1,BOP USA and BOP Russia,Student Organization/Club Groups
782131975167062,SPAC Lifeguards 2014-15,10,SPAC,Student Organization/Club Groups
788654347848158,DZ DX DM 2015,31,Delta Deta,Greek
798091880237738,SHAPE Babies 2015,22,SHAPE,Student Organization/Club Groups
789606961086230,ISBE Tech,27,ISBE Tech,Student Organization/Club Groups
783025001744426,BC Football,10,Football,IM Sports
787456634634596,Willard IR Study Group,18,Willard,Residence
794877587225834,Films to watch,4,,
792001030846823,Fantasy basketball nw,9,Fantasy Basketball,Student Organization/Club Groups
790601954320064,MEDLIFE Family 2014-2015,17,MEDLIFE,Student Organization/Club Groups
792463644133895,Charlie's Angels,6,,
795656430481283,Junior FG!,5,FG,Student Organization/Club Groups
784846561562270,Northwestern HKSA Exec,30,Northwestern HKSA,Student Organization/Club Groups
786454988068094,STITCH Fundraising,7,ST,Student Organization/Club Groups
787470034633256,NUMUN Crisis Staff,18,NUMUN,Student Organization/Club Groups
791394834240776,NCDC Campus Conversations,35,NCDC,Student Organization/Club Groups
804586659588260,Tufaan 2015 Team,44,Tufaan,Student Organization/Club Groups
801362269910699,KHSP Alumni and Current Scholars,98,KHSP,Student Organization/Club Groups
796810377032555,NU Club Field Hockey,20,Hockey,IM Sports
788322647881328,Manya's Squad,13,,
785861724794087,NUVO,0,NUVO,Student Organization/Club Groups
789795537734039,Zooz Fellows 2014-2015,12,Zooz,Student Organization/Club Groups
797478720299054,Chicago Cats Basketball Club,9,Chicago Cats Basketball Club,Student Organization/Club Groups
786986794681580,Case Challenge Prep 2014,4,,
784111258302467,Brown Sugar: past and present,33,A Cappella,Student Organization/Club Groups
781966548516938,PARC IM Sports,20,PARC,Residence
786499068063686,722 Clark Apartments,10,722 Clark Apartments,Residence
804162236297369,NU Gomesis and Kanzus,7,NU Gomesis and Kanzus,Student Organization/Club Groups
798957926817800,2014-2015 Allison NUDM Team,28,Allison,Residence
783215781725348,Action Poop,4,,
780546048658988,2016 NU/TFI Counseling Cohort (Student Group),0,NU TFI,Student Organization/Club Groups
782676985112561,IO,0,,
791124380934488,Spoon Marketing!,16,Spoon,Student Organization/Club Groups
790654564314803,NU Threads Exec,8,NU Threads,Student Organization/Club Groups
801512853228974,Points for a Purpose DORM REPS 2014-15,9,Points for a Purpose,Student Organization/Club Groups
785329108180682,Second Floor 1835 Hinman,23,1835 Hinman,Residence
776850252361901,Dual Degree Bienen & McCormack,1,,
775878885792371,Gen Eng,1,,
774358105944449,NU Exchange 2014Fall,4,,
774096609303932,"""How to Start a Startup"" Northwestern Viewing Group",8,,
773577866022473,KANU 농구 14-15,18,,
773322256048034,Musicology,1,,
771937806186479,Marketing,1,,
362905357089728,S Club 7,3,,
780543308659262,2016 NU TFI MA Counseling Cohort (Student Group) - The REAL Deal,14,NU TFI,Student Organization/Club Groups
777614145618845,NUWCS 2014-2015 <3,35,NUWCS,Student Organization/Club Groups
773027002744226,ELDER FIRST FLOOR,25,Elder,Residence
773910252655901,McCulloch Virgin Vault 2014-2015,25,Bobb,Residence
777203488993244,Game theory 380,4,Game Theory,Major
777350798978513,NCBI 2014-2015!!!,13,NCBI,Student Organization/Club Groups
772823172764609,Hinman Floor 5,24,Hinman,Residence
766247686755491,Robotics 2014-2015,6,Robotics Club,Student Organization/Club Groups
767622443284682,Texas Hold'em,20,Poker,Student Organization/Club Groups
777593248954268,Studio 20Q Grant Recipients,0,Studio 20Q,Student Organization/Club Groups
777533528960240,Studio 20Q Grant Recipients,0,Studio 20Q,Student Organization/Club Groups
778685735511686,MSSA Volunteer and Outreach,8,MSSA,Student Organization/Club Groups
780543928659200,2016 NU MA TFI Counseling Cohort,1,NU TFI,Student Organization/Club Groups
778091602237766,Hindi III,3,Hindi,Major
772778809435712,G-Phi In-Housers 2014-2015,37,Gammpa Phi,Greek
779023172144609,DTC Group,1,Engineering,Major
775937445786515,K-Sound DJs,6,K-Sound,Student Organization/Club Groups
772724842774442,Allison 2nd Floor,74,Allison,Residence
778703082176618,NU Alums in LA,28,Los Angeles,Location/Time Groups
776153915764868,PLEX AAIV 2014-2015,10,AAIV,Residence
776895972357329,DTC,2,Engineering,Major
774174285962831,The Internet is Imagined,1,,
779121432134783,Chemical Engineering Class of 2017,16,Chemical Engineering,Majors
774527732594153,Electrical Engineering,1,Electrical Engineering,Majors
772982219415371,#57,5,,
776518335728426,Jones Penthouse,20,Jones,Residence
776098572437069,Goodrich House 2014-2015,24,Goodrich,Residence
777366882310238,Math 291,19,Math,Major
779355408778052,McBobb IM Voleyball,23,Bobb,Residence
777595015620758,Studio 20Q Grant Recipients,0,Studio 20Q,Student Organization/Club Groups
771487996231460,RSG 2014 Alumni Inc.,12,RSG,Student Organization/Club Groups
765231050190488,PA Group 2014,7,,
765230866857173,PA Group 2014,4,,
775208425859417,1856 Orrington 2014-15,21,1856 Orrington,Residence
779736528739940,Chemistry 171,64,Chemistry,Major
777286035651656,NU Intermediate Hebrew 2014-15,12,Hebrew,Major
777785465601713,Allison Social Psych Class Fall 2014,37,Psychology,Major
749248918455368,Allison,1,,
743473992366194,Improv,2,,
742035125843414,Room mate and Sublease,2,,
735339236513003,Sheil Summer 2014,5,,
726408564072737,NIGERIANS AT NORTHWESTERN,1,,
459547320758864,Northwestern Club of Shanghai,3,,
716328078414119,Materails science,1,,
759625474084379,Super Troopers <3,10,,
759470730766520,The PA Group,14,,
759091520804441,CMags' PA group,6,,
721854461194814,mAy&O in NYC: The Next Generation,15,MAYO,Student Organization/Club Groups
756546087725651,PA GROUP!,12,,
755306807849579,Rachel's PA Group 2014,14,,
753928441320749,#Values Fantasy League 2014,9,,
714771195236474,Gphis on the Hill,5,Gamma Phi,Greek
758671737513086,M1 Futbol,33,M1 Futbol,Student Organization/Club Groups
727252120655048,SAI Summer 2014,21,Sigma Alpha Iota,Greek
742582652455328,MS Biotechnology Class of 2016,37,Biotechnology,Majors
721274131252847,MSiA Chicago,13,MSiA,Student Organization/Club Groups
746040785442848,The One A-Team,11,,
749068725140054,SHARC Staff 2014-2015,13,SHARC,Residence
715806651799595,DFA Summer Studs 2014,11,DFA,Student Organization/Club Groups
730292743684319,Northwestern PWild 2014,89,PWild,Student Organization/Club Groups
741188092594784,Group 38DD!,7,,
725818094131784,Summer Social Scene,93,Summer,Location/Time Groups
743871382326455,ColoRADical Wildcats,25,ColoRADical Wildcats,Student Organization/Club Groups
732515890128671,CCS 2018,16,CCS,Residence
728180247228902,Water Catz,26,Water Catz,Student Organization/Club Groups
752419611471632,Kaplan Scholars 2013-14,33,Kaplan Scholars,Student Organization/Club Groups
723485264365067,Xi in NYC - Summer 14,4,Xi,Greek
747183551995238,Beach-a-Palooza 2014,0,Beach-a-Palooza,Student Organization/Club Groups
720726027974324,Summer Squash,3,Summer,Location/Time Groups
726275934086000,Ayers CCI 2014-2015,189,Ayers,Residence
728836840496576,Jones Residential College 2014-2015,96,Jones,Residence
746779905368936,MEDLIFE Exec 2014-15,9,MEDLIFE,Student Organization/Club Groups
719913898055537,Northwestern Parkers,13,Northwestern Parkers,Student Organization/Club Groups
742509162462677,NYC MEETUP,44,NYC,Location/Time Groups
752459954800931,Northwestern Fiji,23,Fiji,Greek
718343508212576,IBiS Incoming Students 2014,12,IBiS,Student Organization/Club Groups
715056245207969,AAIV - summer 2014!,83,AAIV,Residence
725385604175033,APhi Summer 2014,48,Alpha Phi,Greek
722396094473984,IVCF Summer 2014,8,IVCF,Student Organization/Club Groups
717264088320518,NUMUN Meiji,1,NUMUN,Student Organization/Club Groups
745123415534585,Rogers House 2014-2015,38,Rogers House,Residence
732622440118016,Slivka Residential College 2014-2015,130,Slivka,Residence
709666652413595,Business Administration,1,,
705462352834025,DTC,1,,
702817799765147,ISRC Alums,1,,
691293314250929,Qatar,1,,
685483348165259,Kaitlin has a tiny face club,2,,
676514102395517,AAIV: Class of 2017,46,AAIV,Residence
713312385382355,Evanston BΓΦads,25,,
708309122549348,Chapin Res College 2014-2015,93,Chapin,Residence
679595232087404,ANUP 2014,20,ANUP,Student Organization/Club Groups
698792953500965,Diversity and Inclusion 11AM session,19,Diversity and Inclusion,Major
691686074211653,NU Students for Schneider,29,NU Students for Schneider,Student Organization/Club Groups
698444673535793,Northwestern ChBE Grad Students 2014,28,Chemical Engineering,Majors
694708410576086,AMP 202 Micro,3,Economics,Major
704481446265449,DA ROOO,10,,
702289389817988,Remember Level 3???,0,,
700957043284556,AMADEUS FRIENDZ,11,,
678953122151615,Habitat Trip to Pensacola!,5,Habitat for Humanity,Student Organization/Club Groups
710405855673008,Maysing,30,Maysing,Student Organization/Club Groups
695125683867692,Chem 220 Group,2,Chemistry,Major
697238523656408,Northwestern in D.C. Summer 2014,65,Summer,Location/Time Groups
691313634248897,Sustained Dialogue Spring 2014 Monday!,6,Sustained Dialogues,Student Organization/Club Groups
684899171557010,2014-2015 RA Staff Team,97,RA,Residence
687781367935457,2014 Peer Advisers!!!,215,Peer Advisors,Student Organization/Club Groups
674992219214372,Chi Omega Paddy Murphy,64,Chi Omega,Greek
674488159264778,Gamma Phi Paddy Murphy 2014,49,Gamma Phi,Greek
694090960637831,Joburg,7,,
692898394090421,P.R.A.I.S.E the roof,20,,
674449999268594,SAE & Pi Phi Paddy Murphy Team,98,Pi Phi,Greek
695134920533435,NUWC Team Brasil,8,NUWC,Student Organization/Club Groups
688774077836186,L,0,,
692165124163748,PhiDE IM Soccer,19,PhiDE,Student Organization/Club Groups
697791926934401,Sig Nu Softball,12,Sigma Nu,Greek
683310765049184,"""Word""",17,,
712168932163367,NU'14 Moving To The Bay!!!!,37,Bay Area,Location/Time Groups
676341932412734,ISEN 숙제 나누기 그룹,9,ISEN,Student Organization/Club Groups
678256118887982,Sonia's Clique,9,,
711561872224073,Dawnte's Inferno (Dawn Mora's 2017 Acting Class),19,Acting,Major
676346119078982,PA class of 2016,0,,
700382736675320,Lynn Kelso Fanclub/Storytelling Tue./Thurs.,10,Lynn Kelso Fanclub,Student Organization/Club Groups
710478995665694,Lambda Chi O DM 2015,49,Chi Omega,Greek
700911266622467,2014 Graduate Sidekicks,20,Graduate Sidekicks,Student Organization/Club Groups
695220277191566,PROMPT Staff 2014-2015!,8,PROMPT,Student Organization/Club Groups
706642942715966,DoJAS at Northwestern,47,DoJAS,Student Organization/Club Groups
696050723775188,SD Spring 2014,11,Sustained Dialogue,Student Organization/Club Groups
674430892603838,HackIL -  NU,4,,
665772310136363,Team Croods,10,,
664212450292349,Business & Org. Behavior,2,,
658945387485722,Energy Systems,1,,
654981581215436,FUP APPLICATIONS 2014,1,,
647757148604546,Analytics,3,,
641415572572037,Masters of Product,1,,
633409110039350,A-MEN,11,A-MEN,Student Organization/Club Groups
659697214077206,Spring Break Underclassmen,57,Spring Break,Location/Time Groups
655487087831552,DFA Peasant Team,5,DFA,Student Organization/Club Groups
652549228125338,ChemE Group,5,Chemical Engineering,Majors
662099193837008,2West Bobb-McCulloch,16,Bobb,Residence
633074646739463,NU Closet Recycle,1123,Marketplace,Classifieds
635420249838236,Sigma Nu HoopSquad,30,Sigma Nu,Greek
662454060468188,Wolf Pack,12,,
651716178208643,BIP 260,3,Business,Major
624072747639653,House on the Rock,38,House on the Rock,Student Organization/Club Groups
651748881538706,Sustained Dialogues Wed 6-730,11,Sustained Dialogue,Student Organization/Club Groups
658130554233872,201-2,5,Journalism,Student Organization/Club Groups
666655193381408,Bhangra Photo Dump,15,Bhangra,Student Organization/Club Groups
660143610699233,Kellogg Innovation and Design Association (IDEA),55,Kellogg,Student Organization/Club Groups
661446250568969,Sigma Nu Gamma Beta Finance Committee,13,Gamma Beta,Greek
624099527636975,Mid Quads 2013-2014,86,North Mid Quads,Residence
657551447625116,AMP - Econ 201 Berger --- Camaria,15,Economics,Major
628953377151590,NU Pre-PT Society,10,,Majors
653141741399420,Designers- Northwestern University,152,Designers,Student Organization/Club Groups
658409394205988,9 AM Arabic,7,Arabic,Major
652009661512628,Queerios,18,Queerios,Student Organization/Club Groups
654549217925339,Delta Zeta Pledge Class 2014!,40,Delta Zeta,Greek
628084610571800,Kellogg SCUBA Club,12,Scuba Club,Student Organization/Club Groups
626859407360987,VagMon 2014,10,VagMon,Student Organization/Club Groups
668603539853240,Center for Student Involvement Student Staff,9,Center for Student Involvement,Student Organization/Club Groups
652953358084925,Psychology Study Group,7,Psychology,Major
670973482949579,Cross Country Ski Team,25,Ski Team,Student Organization/Club Groups
624778997569028,Allison 4th Floor (Srishti's side!),35,Allison,Residence
626933290686932,WDBA,4,,
654919671221627,Waa8,3,Waa8,Student Organization/Club Groups
653911107989150,AMP Stats,6,AMP,Student Organization/Club Groups
650656098314651,Winter JR in NYC,14,NYC,Location/Time Groups
624422087604719,NU tones,9,NU Tones,Student Organization/Club Groups
668744576505803,DFA Summer Studio 2014,11,DFA,Student Organization/Club Groups
659225430791051,IEMS 392 Winter 2014,10,IE,Major
665816230131971,Kemper Hall 2013-2014,92,Kemper,Residence
663485090365085,Nerf-Western,115,Nerf-Western,Student Organization/Club Groups
662599363786991,Sigma Nu Candidates 2014,30,Sigma Nu,Greek
622590797787848,Northwestern Swing Dance Syndicate,2,,
621318307915097,NU tones,1,,
616868241693437,msa,1,,
616175718429356,"Class of 2,099",1,,
537529006294028,Undeclared,2,,
606670346046560,Nu ChemECar,10,,
606598176053777,NNL (Northwestern Nerf League),2,,
606597996053795,NNL (Northwestern Nerf League),1,,
606597769387151,NNL (Northwestern Nerf League),1,,
606597716053823,NNL (Northwestern Nerf League),1,,
606597609387167,NNL (Northwestern Nerf League),1,,
606597546053840,NNL (Northwestern Nerf League),1,,
606597486053846,NNL (Northwestern Nerf League),2,,
605901992790062,The Department of Performance Studies Presents: Fiber of Time,4,,
605184649528463,NCDC Canine Volunteer Site,9,,
619352238111704,Alice Millar Chapel Choir 2013-2014,0,Alice Millar,Student Organization/Club Groups
621318391248422,NU tones,1,,
609410952439166,NUMUN 2013 - 1990s NATO,4,NUMUN,Student Organization/Club Groups
615924261787835,NUDM Special Events 2014,38,Dance Marathon,Student Organization/Club Groups
610804205633174,Project RISHI 2013-14,34,Project Rishi,Student Organization/Club Groups
620933531286908,Celebrasia Fundraising 2014,39,Celebrasia,Student Organization/Club Groups
619675894746005,Poster,1,,
618868784826716,Presentation,2,,
613203448726583,Freshmen SASA 2013,59,SASA,Student Organization/Club Groups
616776718369256,Tuesday 7pm SD,11,Sustained Dialogue,Student Organization/Club Groups
608823952497866,Sustained Dialogue,7,Sustained Dialogue,Student Organization/Club Groups
605785102801751,GES Family 2014,73,GES,Student Organization/Club Groups
607076979339230,NCE 2013-2014,32,NCE,Student Organization/Club Groups
617124868334441,Shrek the Musical,40,Shrek,Student Organization/Club Groups
610853738961554,Kellogg Wilderness Club,0,Kellogg,Student Organization/Club Groups
612321968814731,SD - Double D,8,,
610853525628242,Kellogg Wilderness Club,0,Kellogg,Student Organization/Club Groups
610851058961822,Kellogg Wilderness Club,0,Kellogg,Student Organization/Club Groups
610850818961846,Kellogg Wilderness Club,0,Kellogg,Student Organization/Club Groups
608795565834038,Weinkove Math 291,9,Math,Major
617992438247684,Quest DM Team!!,12,Quest,Student Organization/Club Groups
619987361381525,ASG Senators 2013-2014,26,ASG,Student Organization/Club Groups
619856384727956,Women's Chorus,3,Women's Chorus,Student Organization/Club Groups
614808925232702,MEDLIFE PR,6,Medlife,Student Organization/Club Groups
612850072095254,J1F FamBam,15,Jones,Residence
606486646064930,NU Photo Club,49,NU Photo Club,Student Organization/Club Groups
621318177915110,NU tones,0,NU Tones,Student Organization/Club Groups
459216147458648,Smile Senate,20,Happiness Club,Student Organization/Club Groups
619352324778362,Alice Millar Chapel Choir 2014-2015,54,Alice Millar Chapel,Student Organization/Club Groups
610234809023447,NU Alpha Kappa Psi 2013-2014 Pledge group,28,Alpha Kappa Psi,Greek
603809506332644,photography,1,,
603646103015651,Discussion Group,1,,
603646019682326,Discussion Group,1,,
602806656432929,Italian 133/134 - Autunno 2013,10,,
599626383417623,MBP 2015 Team 2,1,,
599625890084339,MBP 2015 team 2,1,,
596818380365090,Finance,1,,
595728230474105,MFA Writing for the Screen and Stage '15,1,,
592534814126780,Northwestern Tailgate Spirit Jerseys!,212,,
458414647538798,AAIV Class of 2016,57,AAIV,Residence
600830859963842,MCC SMALL GROUP,0,MCC,Student Organization/Club Groups
597359123644349,2013 Sociology Graduate Cohort,2,Sociology,Major
602845033095758,GROUP TWOOOOOOOOO,11,,
600008533379408,CHEM 210,17,Chemistry,Major
600315293348732,2013-2014 CAs,84,CA,Student Organization/Club Groups
600968039950124,The First Floor Crew,21,,
596850357028559,Medill IMC Online,1,Medill IMC,Majors
600289110018017,Northwestern CAs 2013-2014,0,CA,Student Organization/Club Groups
599474003432861,Elder Hall IM Football 2013-2014,22,Elder,Residence
601996779847250,Chemical Engineers '16,41,Chemical Engineering,Majors
600294750017453,CNF Sequence 13-14,12,CNF,Student Organization/Club Groups
602883293091932,FAB 2013-2014,23,FAB,Student Organization/Club Groups
598611786852416,Illuminate.,3,,
598795830167345,Northwestern University Lost and Found...and Stolen,42,Lost & Found,Classifieds
599092623470999,DTC 1 Elder Section Team 4,2,Engineering,Major
602101246503470,Willard Tennis 2013-2014,11,Willard,Residence
595728917140703,2015 MFA Writing for the Stage and Screen,0,MFA,Student Organization/Club Groups
595363250510603,Best Elder Floor EVER (2-L),27,Elder,Residence
596059663774295,NUPT Class of 2015/2016 Social Committee,0,NUPT,Student Organization/Club Groups
601962929850635,African Summer: GHT S. Africa 2014,9,Africa,Location/Time Groups
596059607107634,NUPT Class of 2015/2016 Social Committee,0,NUPT,Student Organization/Club Groups
602949109752017,Shepard 2nd Floor,36,Shepard,Residence
595813113798950,The Breaking Bada$$es!,6,,
595813003798961,The Breaking Bada$$es!,0,,
595812813798980,The Breaking Badasses!,8,,
595728107140784,MFA Writing for the Screen and Stage '15,0,MFA,Student Organization/Club Groups
597906696922925,engelhart hall,0,Engelhart,Residence
593831620663766,Man of la Mancha!,16,Man of La Mancha,Student Organization/Club Groups
604145946299000,Northwestern Masters of Engineering Management,0,Masters Of Engineering Management,Majors
593105067403088,Awesome Freshmen,6,,
591566894223572,Best PA Group Ever!!!,0,,
596245887089006,Elder 3L,37,Elder,Residence
598271520219776,NUGreekBuild,11,IFC,Greek
595314357182159,Man of La Mancha Pit Orchestra,11,Man of La Mancha,Student Organization/Club Groups
588472541199674,Lindgren Hall,1,,
586444234735838,Applied Physics,2,,
583629171684011,"""Chillest Fuckin League Ever"" Facebook Group",3,,
582341288479466,Strategy Gamers,7,,
579446935435568,Niteskool,1,,
575240002522928,Tisha's Transfer PA Group!,8,,
562907113756217,Northwestern Football Tailgates,10,,
560893633957565,Artificial Intelligence,1,,
587594271287501,Nick's PA Group(iez),12,,
573450772701851,Kellogg Running Club,63,Kellogg,Student Organization/Club Groups
562132457167016,2013 NU Bay Area Interns,8,Bay Area,Location/Time Groups
585953578118237,Lynne Kiesling's F2013 Freshman Seminar & Advising,14,,
585156431531285,The Kids Are All Right,1,,
584812078232387,Connie's PA Group!,10,,
583859801660948,PA Group 2013-2014,12,,
583680541678874,PA Group Love,0,,
587106491336279,KANU Market,137,KANU,Student Organization/Club Groups
564090313637897,Allison Hall 2013-2014,246,Allison,Residence
563964186983843,Elder Hall 2013-2014,321,Elder,Residence
580126632034265,THE GREATEST PA GROUP IN THE WORLD <3,14,,
579710518742543,Diana's rockin PA group,11,,
577676705612591,The Iron Ducklings,7,,
577086732338255,KMLA - Northwestern,0,,
577086602338268,KMLA - Northwestern,0,,
575818152465113,NUSAF New Blood,1,,
574158292631099,NU PA Group,7,,
572493412797587,Alyssa's Pa Group!,2,,
578217375558524,Shelton ITLP Interns '13,0,Shelton ITLP,Location/Time Groups
561486837231578,Jones Residential College Class of 2017,56,Jones,Residence
561105317269730,Northwestern PWild 2013,126,PWild,Student Organization/Club Groups
457582204288709,PARC KICK ASS DM TEAM,16,PARC,Residence
567377916642470,PA Group 2013-2014,0,,
566851180028477,WHERE THE WILDCATS ARE (Jim & Piku's PA Group),0,,
581824065197855,2013-2014 Elder Hall Fantasy Football (Max's League),11,Elder,Residence
586612741385654,NU Arkansas,3,Arkansas,Location/Time Groups
582371241809804,Ali College,36,Ali College,Student Organization/Club Groups
569480016432260,Family Ambassadors!,20,Family Ambassadors,Student Organization/Club Groups
561610227219239,Chapin Res College 2013-2014,79,Chapin,Residence
564983153548613,Where you at? Class of 2013,651,Class of 2013,Graduation Year
582553145124947,NUQ Summer Media Program: News Reporting and Media Literacy,1,Journalism,Student Organization/Club Groups
570362743010654,SAW 2013,43,SAW,Student Organization/Club Groups
564084520305143,1835 Hinman 2013-2014,128,1835 Hinman,Residence
564508583596070,NUPT Class of 2016,0,Class of 2016,Graduation Year
564449020268693,North Mid-Quads 2017,29,NMQ,Residence
567555789958016,PARC 2013-2014,0,PARC,Residence
560136127366649,Dance Program,3,,
550042138376048,Chi town Fútballers,1,,
549467401766855,Music Theory,1,,
548677525179176,OPS 430,1,,
543971582316437,Good Ol,1,,
540976769282585,LL M,1,,
362873203759610,Engineering,4,,
528715177175411,Brothahood,17,,
528409293872666,Dance,3,,
548946968485565,BLAST in Chicago,42,BLAST,Student Organization/Club Groups
547635151950080,Awake: Social Commentary/Contemporary Music A Capella Group,14,Awake,Student Organization/Club Groups
528911693822426,Veep Group,2,Veep,Student Organization/Club Groups
540427466004182,Sophie & Alex's Greek Emerging Leaders Spring 2013,22,IFC,Greek
555002141213381,All Shook Up,25,,
552965251417070,NU Greek IV Summer Shenanigans,5,Intervarsity,Greek
534814889898773,LOC 306 Group,2,Learning and Organization Change,Major
551554074891521,Official CRC Alums 2013-2014,12,CRC,Residence
531941916852737,Dapper Cult,11,Dapper,Student Organization/Club Groups
546294332084162,Class of 2018,291,Class of 2018,Graduation Year
536723673041228,"Class of 2,011",0,Class of 2011,Graduation Year
549582518422010,International Student Orientation (ISO) 2013,226,International Student Orientation,Student Organization/Club Groups
539715116075417,Baraboo 2013 #neverforget,10,,
550365328343729,McCormick School of Engineering and Applied Sciences Class of 2017,227,Class of 2017,Graduation Year
532062333507362,MMSS,13,MMSS,Majors
533990343314561,NUbian: Where Northwestern Women Flourish,123,NUbian,Student Organization/Club Groups
551027928277469,무브아웃세일 by 타라 99.9%off,53,Marketplace,Classifieds
528878167159112,Northwestern StoryCorps,4,StoryCorps,Student Organization/Club Groups
534425813271014,Northwestern Women's Club Squash,7,Squash,IM Sports
529254683788127,NU in NYC,406,NYC,Location/Time Groups
532938930086369,∑N Scholarship Committee,12,,
547110848669177,Snuggly Family,12,Chi Omega,Greek
534087749971487,Ladies In Red SAI,14,Sigma Alpha Iota,Greek
531082316938697,Dapper Freshness,8,Dapper,Student Organization/Club Groups
555697714477157,DC Practicum 2013!,2,DC,Location/Time Groups
540423832671212,Xi in NYC - Summer '13,13,Xi,Greek
530233597023569,SUMMERTIME,15,Summer,Location/Time Groups
556268781086717,A Phi Summer in Evanston,29,Alpha Phi,Greek
529265987120330,Wildcats in the Bay Area,130,Bay Area,Location/Time Groups
557925677587694,BioEXCEL 2013,21,BioExcel,Student Organization/Club Groups
532790976767831,Easier-than-a-book club,1,Book Club,Student Organization/Club Groups
538578099522452,SESP Class of 2013,61,Class of 2013,Graduation Year
551554161558179,CRC Alums 2013-2014,0,CRC,Residence
552965324750396,NU Greek IV Summer Shenanigans,0,Intervarsity,Greek
537867696260159,MEDLIFE Exec Board 2013-14,0,MEDlife,Student Organization/Club Groups
555809094466019,SUMMER 2013 TOUR GUIDES,26,Tour Guides,Student Organization/Club Groups
525376474175948,Learning Sciences,1,,
525259144187681,FOCUS Greek,1,,
523840587662870,엔유 프로젝트,34,,
523376351042627,Spring MPPA 403DL,3,,
520815454632050,Bioethics,1,,
519829231397339,Economics 201,9,,
511808305532765,Northwestern University Class of 1976,1,,
510758318971097,Jones,1,,
509383705775225,Greek Eco-Reps,8,,
504846982895564,Transportation,1,,
503132099733719,Outcomes,4,,
500109446702651,EECS,2,,
499645483415714,"놀웨 1,2학년 농구",16,,
498345066879089,LA Fitness Workout Buddies,8,,
497126453667617,Masters in Medical Informatics,4,,
496728533707409,Weissman Discussion Group,10,,
496478430399086,Engelhart Hall Community,6,,
496410073739255,Second Activities Fair 2013,3,Activities Fair,Student Organization/Club Groups
489343964445866,Tannenbaum Chabad House at Northwestern,29,Chabad,Student Organization/Club Groups
521359571244305,Tough Mudder Training,2,Tough Mudder,Student Organization/Club Groups
526592127387716,BIP 260 Group,1,Business,Major
504156562964606,Merged Tribe,46,RTVF,Major
501479879898941,FACE AIDS Exec!,5,FACE AIDS,Student Organization/Club Groups
523690644344531,Team Swerve,2,,
526142950765967,Stat 342,3,Statistics,Major
525042127542716,RCB FULL BOARD LOCKED AND LOADED,15,RCB,Residence
522209271159335,二一五,12,,
492661757447420,Da Econ Crew,4,Economics,Major
525912274122368,WOO CENTRAL BOARD,9,Woo,Student Organization/Club Groups
521068251273437,NU freshman BITCHEZZ!,0,,
496767263703536,Northwestern 2012 in DC,20,DC,Location/Time Groups
523202024393393,Bio 215 Group 31,3,Biology,Major
490705000976429,NU NY 2013,68,NYC,Location/Time Groups
498849633495299,KEMPER 2012-2013,73,Kemper,Residence
520550537991875,Theatre Majors 2017,229,School of Communications,School Groups
503090329737896,The Lounge,89,,
520235444690051,NU BME Class of 2013 Photos!,23,Class of 2013,Graduation Year
515722111808051,AMA Feinberg Chapter,45,Feinber,School Groups
522098291170433,Delta Zeta Running Club!,23,Delta Zeta,Greek
512821285431467,Alpha Phi Paddy Murphy Team,94,Alpha Phi,Greek
524832940896968,DTC Spring Team 19-3,1,Engineering,Major
492354524144810,Best Pledge Fam,6,,
507051479341781,MGC Community,97,MGC,Greek
502200413160221,Chinatown Clinic,7,Chinatown Clinic,Student Organization/Club Groups
506328619414067,Game of Brones Sundays,36,Game of Thrones,Student Organization/Club Groups
527078130672449,Team Rocket POWER,15,,
486199484760314,"Club Hockey, Pike",1,,
485818184798444,Taxation,1,,
485552861491643,Creative Writing,3,,
485079471538982,Molecular Genetics,1,,
482631375117125,Periodismo,1,,
480990055281257,MSPA,7,,
477966068916989,Cello Performance,5,,
477213002325629,Music,4,,
476497552397174,Communications Residential College,1,,
472333352813594,OLD TOWN,1,,
458097357570527,Tax Law,1,,
457333550980241,NUMUN OAS,3,,
463304583716471,Project Management,1,,
454958501217746,Class of 1997,1,,
463575753689354,Freshman Musicale,19,Freshman Musicale,Student Organization/Club Groups
485721401474789,music is life,9,,
483764161670513,DTC W2013 S7T2,2,Engineering,Major
474811815899081,Medill Class of 2017,90,Medill,Majors
486099614770301,Intramural dream team,4,Football,IM Sports
452633604783569,Swabs 4 Life,0,Swab,Student Organization/Club Groups
459195454127384,Elder Dance Marathon Team,34,Elder,Residence
478865725493690,"Class of 2,017",14,Class of 2017,Graduation Year
466695330044063,NU History Society,0,NU History Society,Student Organization/Club Groups
452350961478500,Mariachi Northwestern,0,Mariachi,Student Organization/Club Groups
459735634073366,NU Lakeview!,0,Lakeview,Student Organization/Club Groups
459523567427906,A/AA FAB,28,Asian / Asian American,Student Organization/Club Groups
454716677908595,Project RISHI Northwestern Chapter,0,Project RISHI,Student Organization/Club Groups
461041200609476,Pick-up Soccer,34,Soccer,Student Organization/Club Groups
467056553341274,민형 전욱 ㅅㅍㅅㅍ,0,,
464683683578561,NU Oenophiles,39,NU Oenophiles,Student Organization/Club Groups
455274417852821,NUMUN,0,NUMUN,Student Organization/Club Groups
469682499745346,AEPi/Chi O Dance Marathon 2012,0,Chi Omega,Greek
461465127233750,B.C.E.,0,,
486526688060927,A/AASA Student Group Events,322,"Radio, Television, and Film",Student Organization/Club Groups
486323811414548,Technology of Energy,61,Technology of Energy,Student Organization/Club Groups
484512538262342,Mat Sci 315 Project Group,3,Mat Sci,Major
465862986793964,A Soldier's Tale,0,A Soldier's Tale,Student Organization/Club Groups
482872758426320,Design 298/398,1,Design,Major
485094071537522,DTC Group,3,Engineering,Major
468713823175547,1835 Hinman,71,Hinman,Residence
456392031074393,"""Into the Deep End"" - Jazz",0,Jazz,Student Organization/Club Groups
460072894039640,MUSAC,0,MUSAC,Student Organization/Club Groups
458396917540571,NU Worship-Club,26,NU Worship,Student Organization/Club Groups
453576388022624,Students@Sheil,194,Sheil,Student Organization/Club Groups
467455093301420,Project Slivka Get Big,0,Slivka,Residence
471694389544157,Wildsiders at Gator Bowl!,13,Wildside,Student Organization/Club Groups
483674708346125,South Africa 2013,19,South Africa,Location/Time Groups
445533545493575,Carpe Diem,2,,
444001285646801,Class of 2010,1,,
441405302573066,NU Thizzical Therapy 2015 (Soccer Team),6,,
437650576281872,"Class of 2,014",1,,
435391443174452,NU Rappers and those who'd like to work with rappers,2,,
434051636641766,Class of 2016,1,,
433472126699717,"Ready, Set, Go: Science Communication Workshops",1,,
432311070149156,Men's Rugby,1,,
441486785898251,DTC Team Awesome,0,Engineering,Major
448021101911486,Allison Hall 3rd Floor 2012-13,30,Allison,Residence
442660532447543,The Gentlemen,0,The Gentlemen,Student Organization/Club Groups
443245535722376,Chemistry 171 Schatz,20,Chemistry,Major
445906222122974,Kappa Delta Delta Chi Dance Marathon Team,0,Kappa Delta,Greek
447749515271978,WITHOUT  A DOUBT THE COOLEST CATS EVER,0,,
440308066016123,Lindgren House 2012-2013,0,Lindgren,Residence
436149913098605,WIKI -E. Garfield Park,0,WIKI -E,Student Organization/Club Groups
445154255531504,Nortwestern Novice Womens Rowing,0,Rowing,Student Organization/Club Groups
447324445314485,NU Lambda Pi Eta 2012-2013,0,Lambda Pi Eta,Greek
429549197092010,The Philanthropists [HR],0,Philanthropists,Student Organization/Club Groups
435559146491015,S.A.W.,0,SAW,Student Organization/Club Groups
428829667163963,Northwestern Club Field Hockey Team 2012-2013,36,Field Hocker,IM Sports
433014173412179,Northwestern University Feinberg Class of 2016 Academics/Study/Life Saver,0,Class of 2016,Graduation Year
445672128813050,NU Veg Exec,0,NU Veg,Student Organization/Club Groups
427292823984314,Exercise Group 2012-2013!,78,Exercise Group,Student Organization/Club Groups
440426892670907,'Bow Skwad,0,,
429232673790329,Concerts,452,Music,Major
443612002352396,NU Percussion 2012-13,0,NU Percussion,Student Organization/Club Groups
443932928986970,Dean's Scholars - Class of 2016,0,Class of 2016,Graduation Year
437496992963897,SESP PAs [the coolest kidz on campus],0,,
450142215032708,Spanish Project,0,Spanish,Major
450780194968910,Delta Zeta Derby Days Team!,0,Delta Zeta,Greek
439337602779836,North Mid Quad 2012-2013,0,North Mid Quads,Residence
446167462096850,Phoenix LIFE Group,0,Phoenix LIFE,Student Organization/Club Groups
428316223881974,The Sweet Suite!,0,,
427869787259951,BEST PA GROUP EVER.,0,,
427400320640231,The Fam,0,,
426196700760593,The Legit PA group,0,,
450603564986573,NU Soul4Real Acapella,0,A Cappella,Student Organization/Club Groups
442129569167306,Bus_Ins 394 Fall 2012,16,Business,Major
449765878403675,1st Floor CCI,0,CCI,Residence
438763349503928,Organic Chemistry 210,0,Chemistry,Major
444999845546945,FICTION ADDICTION,0,Fiction Addiction,Student Organization/Club Groups
448480188532244,ISA Cultural '12 - '13,0,ISA,Student Organization/Club Groups
430307663682830,NBN Sports,0,North by Northwestern,Student Organization/Club Groups
426142070766056,Class of 2008,3,,
423832904330306,badminton,1,,
423468581033405,Shawnee's PA Group 2016,15,,
422650454448551,Class of 2017,1,,
421999357846994,Basketball,2,,
418468644866732,Classical Guitar,1,,
417767181603545,Vocal Performance/Engineering,1,,
414955375218059,Mathmatical Methods in the Social Sciences (MMSS),5,,
411834885530108,Friends in Evanston this summer,6,,
410764232303840,Ice Hockey,2,,
406854459361484,Wireless sensor network,1,,
405761702804093,Indian Graduate Students and Scholars Association,8,,
399699450076985,Logic,1,,
398428203537443,Varsity Swim Team,1,,
383983114981952,Public Policy,1,,
383971638316433,Students For Stuff,18,,
383635075016756,DSP Fall 2012 Recruitment,2,,
424546130925650,Maria's Peer Adviser Group!,0,,
424247917622138,Best PA Group: The Politics of International Law,0,,
402459329800997,Class of 2017,916,Class of 2017,Graduation Year
420437151336548,Sanjana's new posse,0,,
418077574905839,WW LOVE- Part of the PA Family,0,,
421945067852423,Bobb Hall 2016,11,Bobb,Residence
417050191675244,NU bioscientist 2016,0,Biology,Major
415478281832435,Sam's PA Group,0,,
421434274570169,PWild 2012 :),58,PWild,Student Organization/Club Groups
394084303971833,Northwestern '12 in NYC,0,NYC,Location/Time Groups
388236261223304,FELP 2012,0,FELP,Student Organization/Club Groups
394146417298955,The Velvet Rope Book Club,0,Velvet Rope Book Club,Student Organization/Club Groups
422426631137600,Rogers House 2016,13,Rogers House,Residence
421882367858693,Elder 2016,284,Elder,Residence
407370042643259,McSA Class of 2016 & Transfers! :D,0,MCSA,Student Organization/Club Groups
416723005041296,Bienen Babiez,0,Bienen School of Music,School Groups
421922967854633,Water Catz!! Freshie Sophomore FB Group MUAH!,0,Water Catz,Student Organization/Club Groups
410540705659526,NU2016 Ohio Meet-Up,0,Ohio,Location/Time Groups
387688304611433,The Insight Group Exec Board,0,Insight Group,Student Organization/Club Groups
392307174149546,International Student Orientation 2012,144,International Student Orientation,Student Organization/Club Groups
395594527154144,IV Arts Fellowship,0,Arts,Majors
424237324289864,CATalyst 2012!,0,CATalyst,Student Organization/Club Groups
403035709743359,Fedora: The ElectroSwing Project,0,Fedora,Student Organization/Club Groups
396690357044561,IS Honors Seminar,0,International Studies,Major
399003913479872,RAGE FRIENDSHIP,0,RAGE,Student Organization/Club Groups
425311334182463,Ryan Scholars,67,Ryan Scholars,Student Organization/Club Groups
398010473579216,Shepard Residential College 2012-2013,147,Shepard,Residence
388179241229006,SAI Summertime,23,Sigma Alpha Iota,Greek
402552296458367,Evanston Summer 2012,0,Summer,Location/Time Groups
379059795474284,Flute Performance,7,,
370572406323023,Slivka Bio 215 Study Group,4,,
368011376579126,Foster House,1,,
367920209921576,MOC & WOC,4,,
367783903268540,Women's Varsity Volleball,2,,
367586916621572,Percussion Performance,1,,
366692426711021,CogSci 211 Study Group,6,,
365283066851957,The Daily Northwestern,2,,
365208613526069,1508,1,,
365198816860382,Nietzsche Kafka/NUSO,1,,
364855650228032,ges,1,,
364630276917236,584 Lincoln,6,,
364621980251399,park evanston,1,,
364472946932969,"Biology, Economics",1,,
364289553617975,Interfaith Hall,4,,
364271110286486,Promotion 2015,1,,
364167023630228,Alison hall,1,,
364080086972255,Class of 2013,5,,
363922536988010,bobb,1,,
363747660338831,Varsity Field Hockey,8,,
363718410341756,RUF,1,,
363424763704454,Autism Speaks U,1,,
363394890374108,Photojournalism,1,,
363376427042621,none,1,,
363346013712329,Astronomy 331,1,,
363341350379462,UCM,10,,
363300903716840,Pre-Medicine,1,,
363300030383594,journalism 301,1,,
363830470330550,Eating,53,Eating,Student Organization/Club Groups
375691289144468,4410 Supply chain,0,,
364032663643664,Phi Iota Tau,12,Phi Iota Tau,Greek
364008743646056,NU Soccer Squad,0,Soccer,Student Organization/Club Groups
367959306584333,NU NAHJ,0,NU NAHJ,Student Organization/Club Groups
374412875938976,NU WiC,0,NU WiC,Student Organization/Club Groups
364881846892079,CISA,29,CISA,Student Organization/Club Groups
363986770314920,Theta Chi,0,Theta Chi,Greek
364495336930730,Northwestern Triathlon Club,21,Triathlon,Student Organization/Club Groups
378711475509116,Teach Me How to Douglass 2015,0,Douglass,Student Organization/Club Groups
367315199982077,Alpha Kappa Psi,0,Alpha Kappa Psi,Greek
363769537003310,Doctor of Physical Therapy,0,Doctor of Physical Therapy,Majors
380380045342259,Engineering Sciences and Applied Mathematics,21,Engineering Sciences and Applied Mathematics,Majors
383059265074337,EnvEUS,20,EnvEUS,Student Organization/Club Groups
374767892570141,ESW,113,ESW,Student Organization/Club Groups
376857842361146,Melodia,27,Melodia,Student Organization/Club Groups
363475943699336,MSAB,12,MSAB,Student Organization/Club Groups
377248112322119,Northwestern Students for Liberty,37,Northwestern Students for Liberty,Student Organization/Club Groups
371648782882052,NU Dancers - Poppin,0,NU Dancers,Student Organization/Club Groups
372684369445160,Quidditch: Hoop and Field building team,0,Quiddtich,Student Organization/Club Groups
364555320258065,Wrestling,12,Wrestling,Student Organization/Club Groups
363251210388476,Math 234,3,,
363201987060065,jumpstart,7,,
363134960400101,Squash,3,,
363085653738365,School year 2014,0,,
363027257077538,Hillel,1,,
363008983746032,Running,6,,
362955793751351,Project SOAR,6,,
362914920422105,SPUSA,1,,
362856173761313,Reformed University Fellowship,1,,
362757153771215,Latino Studies,2,,
362735987106665,Asterik,1,,
362717947108469,Religious Studies,8,,
362654483781482,Globalization,2,,
362582280455369,Human Development and Psychological Services,9,,
362573520456245,Music Technology,5,,
362569763789954,Ridge and Noyes,1,,
362512747128989,The Blue Whale,1,,
362415930472004,Prosthetics,1,,
362203510493246,The Estate,1,,
361744357205828,Sherman Ave,1,,
360650510648546,Soccer,1,,
360004157379848,MPM,4,,
360000410713556,"ISP, Physics, Mathematics",1,,
359786914068239,The Slam Society,8,,
359673140746283,212,1,,
359609817419282,akpsi,1,,
359438080769789,Lindgren,4,,
359405750773022,2105,1,,
359366304110300,Biochemistry and Psychology,1,,
359313800782217,History of Economic Thought,1,,
359222020791395,Violin Performance,5,,
359194160794181,Panhellenic Association (PHA),1,,
359168440796753,Philosophy,4,,
359150820798515,One Book One Northwestern,3,,
359126264134304,Drumline,2,,
362612040452393,Applied Mathematics,13,Applied Mathematics,Majors
359930707387193,Kayleen and Billy!,0,,
361942997185964,Men's Club Volleyball 2013,0,Volleyball,IM Sports
359985524048378,AIESEC,0,AIESEC,Student Organization/Club Groups
362907170422880,WNUR,30,Asian American Intervarsity,Student Organization/Club Groups
359715030742094,McCulloch Hall,26,Bobb,Residence
359737684073162,Creative Arts & Technology Studio (CATS),38,CATS,Student Organization/Club Groups
362726950440902,Crew,15,Crew,Student Organization/Club Groups
362808283766102,Dance Marathon,52,Dance Marathon,Student Organization/Club Groups
361368553910075,Northwestern Student Holdings,42,Northwestern Student Holdings,Student Organization/Club Groups
362686610444936,PARC,11,PARC,Residence
359087574138173,Performance Studies,13,Performance Studies,Majors
362764403770490,Phi Kappa Psi Fraternity,103,Phi Kappa Psi,Greek
359149717465292,Sigma Alpha Iota,0,Sigma Alpha Iota,Greek
359079957472268,Peer Health Exchange,1,,
359058577474406,Music Composition,8,,
359049460808651,swimming,3,,
359047164142214,cycling,1,,
358998490813748,Lacrosse,1,,
358967977483466,Vertigo Productions,1,,
358825560831041,Poker,4,,
358796567500607,NUSAF,7,,
358790170834580,F&F Marketing,2,,
358780190835578,North by Northwestern,6,,
358776494169281,Society of Physics Students,1,,
358774860836111,Anime Club,3,,
358772734169657,SHAPE,10,,
358771457503118,Rotaract Club,9,,
358758120837785,[AMASE] Academy of Music and Art for Special Education,8,,
358756524171278,Oboe Performance,1,,
358746837505580,Linguistics,7,,
358725527507711,Political Science,192,Political Science,Majors
358728617507402,Treblemakers @ NU,0,A Cappella,Student Organization/Club Groups
358809784165952,Philosophy,0,Philosophy,Majors
358792804167650,Music Education,45,Music Education,Majors
358736147506649,American Studies,36,American Studies,Majors
358784134168517,Harmony in Spirit,0,A Cappella,Student Organization/Club Groups
358753104171620,ASG,40,ASG,Student Organization/Club Groups
358741840839413,Ayers CCI,181,Ayers CCI,Residence
358820447498219,Biology,20,Biological Sciences,Majors
358727427507521,Biomedical Engineering,256,Biomedical Engineering,Majors
358990560814541,Masters in Biotechnology Program Class of 2014,32,Biotechnology,Majors
358759210837676,Civil Engineering,65,Civil Engineering,Majors
359063457473918,Class of 2016,201,Class of 2016,Graduation Year
358903377489926,Cognitive Science,32,Cognitive Science,Majors
359072947472969,Communication Sciences and Disorders,43,Communication Sciences and Disorders,Majors
358739847506279,CSA,200,CSA,Student Organization/Club Groups
359009917479272,Delta Gamma,66,Delta Gamma,Greek
358773697502894,Foster Walker,109,Foster Walker,Residence
359039170809680,HDPS,23,HDPS,Student Organization/Club Groups
358734930840104,Hobart House,23,Hobart,Residence
358743207505943,Kappa Alpha Theta,74,Kappa Alpha Theta,Greek
358768694170061,Kappa Kappa Gamma,49,Kappa Kappa Gamma,Greek
358754680838129,Materials Science and Engineering,95,Materials Science and Engineering,Majors
358764434170487,Mechanical Engineering,115,Mechanical Engineering,Majors
358821854164745,MENU,21,MENU,Majors
358747340838863,MMSS,0,MMSS,Majors
358985097481754,Northwestern News Network,36,Northwestern News,Student Organization/Club Groups
358761004170830,NNN SportsNight,21,Northwestern News Network,Student Organization/Club Groups
358769724169958,Phi Mu Alpha,0,Phi Mu Alpha,Greek
359030950810502,Project ShoutOUT,11,Project ShoutOUT,Student Organization/Club Groups
358742080839389,Secondary Education,31,Secondary Education,Majors
358721427508121,Young Life,1,,
358716704175260,Class of 2004,1,,
796966107016982,CCARES: Chicago Cardiac Arrest Resuscitation Education Service,3,,
358684370845160,Homecoming,4,,
358683567511907,Rogers House,7,,
358673184179612,Comparative Literary Studies,2,,
358671940846403,Kappa Kappa Gramma,8,,
798351856878407,Ayers 2018 Engineering,0,CCI,Residence
792417110805215,PARC Dance Marathon Team,0,PARC,Residence
358695270844070,Northwestern Wildside,21,Wildside,Student Organization/Club Groups
806254489421477,BOP Russia and USA,0,BOP Russia and USA,Location/Time Groups
358698277510436,ISRC,40,ISRC,Residence
801540123226247,I Lost My Shit,545,Lost & Found,Classifieds
803769686336624,bio/chemEXCEL,0,BioEXCEL,MajorS
358637180849879,Chemistry,127,Chemistry,Major
806227779424148,NUvention: Web + Media winter/spring 2015,0,NUVention,Major
797047573675502,All About That Bass,0,,
795259490520977,CI analysis,0,,
358643174182613,Delta Chi,0,Delta Chi,Greek
358689027511361,English Literature,28,English Literature,Majors
358654864181444,Social Policy,49,Social Policy,Majors
358687627511501,Club Sailing,24,Sailing,Student Organization/Club Groups
802380979808828,Focus Worship Team,0,Focus Worship Team,Student Organization/Club Groups
358640307516233,Economics,994,Economics,Major
358710647509199,Art History,21,Art History,Majors
800678049979121,AAIV Class of 2018,0,Asian American Intervarsity,Student Organization/Club Groups
358666124180318,Class of 2016,1316,Class of 2016,Graduation Year
358657877514476,Communication Studies,159,Communication Studies,Majors
358649097515354,Computer Engineering,56,Computer Engineering,Majors
358709957509268,Computer Science,531,Computer Science,Majors
794570560589870,NUDM Food 2015,0,Dance Marathon,Student Organization/Club Groups
358698087510455,Electrical Engineering,58,Electrical Engineering,Majors
794259720620954,Engineering Analysis 2018 Study Group,0,Engineering,Major
358701477510116,Environmental Science,33,Environmental,Student Organization/Club Groups
358684807511783,Environmental Engineering,25,Environmental,Student Organization/Club Groups
358627424184188,Northwestern Equestrian Team,17,Equestrian Team,Student Organization/Club Groups
790950634285196,Flux Dance Project,0,Flux Dance Project,Student Organization/Club Groups
358721727508091,Japan Club,17,Japan Club,Student Organization/Club Groups
801374279909498,Kellogg Globetrotters,0,Kellogg,Student Organization/Club Groups
358679784178952,Mathematics,112,Mathematics,Majors
797629636950629,Northwestern Community Ensemble 2014-2015,0,Northwestern Community Ensemble,Student Organization/Club Groups
358716220841975,Sargent Hall,53,Sargent,Residence
358690254177905,Science in Human Culture,25,Science in Human Culture,Majors
793728984007361,Shepard Dance Marathon Team 2015!!!!,0,Shepard,Residence
358682844178646,South Mid Quads,23,South Mid Quads,Residence
805798842800375,PC SPRING BREAK 15,0,Spring Bring,Location/Time Groups
358446257535638,Class of 2009,2,,
357858817594382,Events & Parties,3831,,
357858800927717,Textbook Exchange,3601,,
783666231680303,Astronomy,1,,
783088835071376,Wooshack Chem 171 Study Group,10,,
787029648010628,AAIV Willard Family Group,0,Asian American Intervarsity,Student Organization/Club Groups
789492471097679,Dancer Relations 2015,0,Dance Marathon,Student Organization/Club Groups
784285138285079,Espanol 121,11,Spanish,Major
781381968575396,Chapin Sports Committee,0,Chapin,Residence
786451918068401,Econ 323-2,0,Economics,Major
777212005659059,NU Climbing,0,NU Climbing,Student Organization/Club Groups
781922608521332,Northwestern University Rho Lambda,0,Northwestern University Rho Lambda,Greek
780063525373907,Bobb Squad Flag Football Team,0,Bobb,Residence
785767444803515,IR Commitee,0,IR Commitee,Student Organization/Club Groups
358441807536083,Elder Hall,156,Elder,Residence
778696165510643,Italiano 201,0,Italian,Major
790602320986694,ASB Fellas 2015,0,ASB,Student Organization/Club Groups
777330932313833,DTC Group Project,0,Engineering,Major
778678652179061,Northwestern Boxing 2014-2015,91,Boxing,Student Organization/Club Groups
787479821298944,Northwestern University's Women of Color Initiative,0,Northwestern University's Women of Color Initiative,Student Organization/Club Groups
782788325101427,Elder Fourth Floor,0,Elder,Residence
780543965325863,2016 NU MA TFI Counseling Cohort,0,NU TFI,Student Organization/Club Groups
780543418659251,2016 NU MA TFI Counseling Cohort,0,NU TFI,Student Organization/Club Groups
790154174364842,SASA Freshmen 2014-2015,0,SASA,Student Organization/Club Groups
782508355129424,Northwestern Boxing 2014-2015 A-TEAM,0,Boxing,Student Organization/Club Groups
779051768808416,SD Fall 2014,0,Sustained Dialogue,Student Organization/Club Groups
777181525662107,Tour Guides 14-15!,0,Tour Guides,Student Organization/Club Groups
779013135478946,한국어 215,0,,
358613414185589,Jones Fine and Performing Arts Residential College,69,Jones,Residence
358614064185524,Women's Club Volleyball,14,Volleyball,IM Sports
777534482293478,Studio 20Q Grant Recipients 1,0,Studio 20Q,Student Organization/Club Groups
777533615626898,Studio 20Q Grant Recipients,0,Studio 20Q,Student Organization/Club Groups
777533248960268,Studio 20Q Grant Recipients,0,Studio 20Q,Student Organization/Club Groups
779269742119952,SD Fall 2014,0,Sustained Dialogue,Student Organization/Club Groups
780595455320714,MSA Family IM Football,30,Football,IM Sports
780546181992308,2016 NU TFI Counseling Cohort (Student Group),0,NU TFI,Student Organization/Club Groups
777759648937628,Turbo Finance Group 8,0,Turbo Finance,Major
785424748171118,Allison IM Volleyball Team,0,Allison,Residence
789790721067854,NSTV Marketing!,0,BSTV,Student Organization/Club Groups
786508508062742,Investment Management Group,0,Investment Management Group,Student Organization/Club Groups
784908301556096,Jones D&D,12,Jones,Residence
357858834261047,Free & For Sale,4927,Marketplace,Classifieds
358510697529194,Medill IMC,63,Medill IMC,Majors
787354787978114,NCR 2015!!!,0,NCR,Student Organization/Club Groups
777593598954233,Studio 20Q Grant Recipients,0,Studio 20Q,Student Organization/Club Groups
773928085987451,2250 Sherman,1,,
773884422658484,NU Nursing,4,,
773465469367046,Vocal Performance,1,,
758789960834597,Jogging,1,,
747207478659512,"Theater, Speech",1,,
746811135365813,Helicon Staff 2014-15,0,Helicon,Student Organization/Club Groups
775924132454513,Bobb 3rd Floor,0,Bobb,Residence
768410929872500,BOBBcats 2nd Floor,0,Bobb,Residence
772777522769174,Hinman Floor 4 (2014-2015),0,Hinman,Residence
730632443650349,2014 Summer Conference Assistants,0,Summer Conference Assistans,Student Organization/Club Groups
774625879251005,Sigma Nu Community Service,0,Sigma Nu,Greek
774172679296325,The Theorists of Queer,0,,
766970230016570,Faculty in Residence - Elder Hall,0,Elder,Residence
776467729066820,Northwestern Undergraduate Linguistics Association,23,Linguistics,Majors
775948375785422,BM 4th Floor,0,Bobb,Residence
772817099431883,CEEGA - Civil and Environmental Engineering Graduate Association,33,Environmental,Student Organization/Club Groups
732502196796707,Willard 2014-2015,0,Willard,Residence
742423482471245,Bobb-McCulloch Class of 2018,0,Bobb,Residence
746659968714263,NUST Summer 14,0,NUST,Student Organization/Club Groups
771702639543329,#3Lder <3,0,Elder,Residence
765230913523835,PA Group 2014,0,,
763127353734191,PA Group 2014,0,,
760012587379001,#ALWAYSFlawless PA Group 2014-2015,0,,
743362659043994,Sargent Hall 2014-2015,0,Sargent,Residence
732526623460931,Shepard Residential College 2014-2015,0,Shepard,Residence
756834034363523,PA Group 106!!!!,0,,
772823692764557,Woo the First,0,Woo,Student Organization/Club Groups
754928627887397,Josh Xu Fan Club,0,,
753824264664500,Evan's PA Group of Undeniably Awesome People,0,,
759463594100567,BM2 RAs 2014-2015!!,0,RA,Residence
775669545813305,"Hinman 3rd floor, 2014-2015!",0,Hinman,Residence
759156204131306,SAW 2014,0,SAW,Student Organization/Club Groups
745665352147058,PA GROUP 2018 <3,0,,
745099708870289,Forest Readin',0,,
768347813212145,NBN Editors,0,North By Northwestern,Student Organization/Club Groups
774252915954968,Shepard 4th Floor 2014-2015,0,Shepard,Residence
773274639386129,E3 2014/5,0,Bobb,Residence
770542549659338,Wildside Sponsorship Team 2014-2015,0,Wildside,Student Organization/Club Groups
740193339360926,(North)west Side Story aka Our PA Group!,0,,
740661539314106,WASH RA Staff 2014-2015,0,WASH,Residence
756345004412426,Wine Wednesdays,0,Wine,Student Organization/Club Groups
772469309466662,Allison 3rd Floor 2014-15,0,Allison,Residence
776766122370314,HCSC Practicum,0,HCSC Practicum,Student Organization/Club Groups
743520989028161,NU in LA summer 2014,0,Los Angeles,Location/Time Groups
726381197408807,Sam and Scott's Fluffy Love Palace ft. Tamzia (sometimes),17,,
722061574507436,Toastmasters,1,,
718834504830143,306 Sale,10,,
714123565301237,윤디윤선네 무브아웃세일,12,,
710839065629687,Integrated Marketing Communications,4,,
726156780764582,New York Summer 2014,0,NYC,Location/Time Groups
701940166519577,New Member PHA 2014,0,PHA,Greek
697305973649663,KCC - Kellogg Consulting Club,0,Kellogg,Student Organization/Club Groups
720140471366213,Tongzhimen,0,,
717207091659551,Sciences Po Exchange 2014,0,Sciences Po Exchangw,Student Organization/Club Groups
703567809690146,Greek Emerging Leaders,0,IFC,Greek
700168883363372,Diversity and Inequality section 62,0,Diversity and Inequality,Major
695460043834256,Sigma Nu PR Committee,0,Sigma Nu,Greek
704627959584131,VSA NU,29,VSA,Student Organization/Club Groups
688986147814979,South Africa JR Team,0,Journalism,Student Organization/Club Groups
692085397505054,BIP 260 Project Group,0,Business,Major
695139913866269,Turtle Tug Prize Committee,0,Turtle Tug,Student Organization/Club Groups
690842430962684,Phis Overseas,0,Alpha Phi,Greek
694762350570692,Interactive Storytelling Team 4,0,Interactive Story Telling,Major
693883560658571,NU RHA General Assembly 2014,21,RHA,Student Organization/Club Groups
685030484877212,Pi [Phi] Delt Relay for Life 2014!,0,Pi Phi,Greek
708353055878288,TAMID at Northwestern,0,Tamid,Student Organization/Club Groups
694520320594895,Kiesling Econ 202 S2014 Class,0,Economics,Major
698713796842214,Team SURFBORT,0,,
711954785518115,Northwestern Entrepreneurs,134,Northwestern Entrepreneurs,Student Organization/Club Groups
726754257371501,Summer 2014 in Evanston,47,Summer,Location/Time Groups
714803018566625,Veracity Staff,0,Veracity,Student Organization/Club Groups
695092917204302,Sustained Dialogue!,8,,
715234425190151,International Student Orientation (ISO) 2014,221,International Student Orientation,Student Organization/Club Groups
692529390793988,DTC Section 20.2,0,Engineering,Major
686180811428846,Farmers at Heart,0,Farmers at Heart,Student Organization/Club Groups
691574040889523,Chi Omega/Lambda Chi Relay for Life Team,0,Chi Omega,Greek
723439567702970,Hevanston Summer 2014,509,Communication Science and Disorders,Location/Time Groups
714334568613470,Arab Student Organization,17,Arab Student Organization,Student Organization/Club Groups
721031194610474,KD Takes the Tri-State Area!,0,Kappa Delta,Greek
712933528753574,ISRC 2010-2011,0,ISRC,Residence
702335336480060,RHA Programming Committee,0,RHA,Student Organization/Club Groups
707854169261510,AFAM 230 Diversity & Inequality at Northwestern 12 PM Section,0,AFAM,Major
709678732412387,ASG Senate 2014,0,ASG,Student Organization/Club Groups
718241878222739,CRC 2014-15,0,CRC,Residence
728648230515437,GPhi Study Abroad: NYC,0,NYC,Location/Time Groups
718398064873787,NU Robotics Club,0,Robotics Club,Student Organization/Club Groups
700935473286713,SD Winter Quarter 2014 Doing Big Things,0,Sustained Dialogues,Student Organization/Club Groups
681707618542832,"Class of 2,006",1,,
676832015697059,Information Technology,1,,
676344589079135,Physician Assistant,1,,
675029335877327,Chinese,1,,
668630833183844,$15 off your groceries and free delivery from Instacart!,35,,
651734928206768,McManus,10,,
660687237311537,AComm,0,AComm,Student Organization/Club Groups
626898094023785,2013-2014 Fifth Years,13,Super Seniors,Graduation Year
660080424038885,Relay For Life of NU 2013-2014 Committee!,0,Relay for Life,Student Organization/Club Groups
651162341597360,Divergent Support Group/Tris Fan Club,0,Divergent,Student Organization/Club Groups
651765374870390,BIP 260 Winter 2014,0,Business,Major
657255450988049,Smoke and Mirrors: NU Magic,0,NU Magic,Student Organization/Club Groups
658380124208915,Northwestern University Eta Sigma Phi,0,Eta Sigma Phi,Greek
672849759428618,NUGB Sites Committee 2014,0,NU Gives Back,Student Organization/Club Groups
669143403132587,西北網球同好會,0,,
635434656503462,TEDxNorthwesternU 2014,0,TEDxNorthwestern,Student Organization/Club Groups
643325985714329,NUCT lower tactical council chamber,0,NUCT,Student Organization/Club Groups
664030883643839,We Will Squash You,0,,
653499494696978,Sigma Nu Executive Board 2014-2015,0,Sigma Nu,Greek
655707721142822,Kiesling Econ 202 W2014 Class,0,Economics,Major
679356228777971,STITCH Exec 2014,0,Stitch,Student Organization/Club Groups
627650467281881,AKPsi Fundraising Group 5,0,Alpha Kappa Psi,Greek
634191713294423,Rogers House 2013-2014,0,Rogers House,Residence
682749841771943,The Tone Deafs,0,The Tone Deafs,Student Organization/Club Groups
652510098129251,Hawaiian Shirt Fridays at NU,52,Hawaiian Shirt Fridays at NU,Student Organization/Club Groups
658661300847464,Global Media and Communications Seminar 2014,0,Global Media and Communications,Major
678160052230922,Ping Pong,0,Ping Pong,Student Organization/Club Groups
664665033580424,NUCHR ISTANBUL 2014,0,NUCHR,Student Organization/Club Groups
671879722858955,Ellevate Network Northwestern,0,Ellevate Network Northwestern,Student Organization/Club Groups
673963639317230,APhi Paddy Murphy 2014,0,Alpha Phi,Greek
659627820750812,The Most Awesomest SD Group Ever,0,Sustained Dialogue,Student Organization/Club Groups
661453667234894,Spanish 330,0,Spanish,Major
657622574284670,PhiDE Medical Programming,0,PhiDE,Student Organization/Club Groups
628602133853381,Chi O/Sig Ep DM 2014,0,Chi Omega,Greek
662540920459502,The Society of Totally Rad Earth Science Kids,0,Earth,Major
643325592381035,NUCT SUPER ALUM PAC,0,NUCT,Student Organization/Club Groups
652634621450132,NUSWAG Writers Room,0,NUSWAG,Student Organization/Club Groups
662689937111267,Sigma Nu Candidate Education Committee,0,Sigma Nu,Greek
630951196951808,Kellogg High Tech Club,118,Kellogg,Student Organization/Club Groups
654561634590764,Alpha Phi pledge class!,0,Alpha Phi,Greek
681403838573210,AAIV Frosh Social Planning,0,AAIV,Residence
671341126246148,Kellogg Spring Exchange 2014,0,Kellogg Spring Exchange 2014,School Groups
653996201313974,Thurs 7 SD,0,Sustained Dialogue,Student Organization/Club Groups
621318211248440,NU tones,1,,
617074498339478,Program in Public Health Student Senate,8,,
610463962333865,2131 Ridge,1,,
606663502713911,Poker game,1,,
606598016053793,NNL (Northwestern Nerf League),1,,
606597786053816,NNL (Northwestern Nerf League),1,,
606597742720487,NNL (Northwestern Nerf League),1,,
606597652720496,NNL (Northwestern Nerf League),1,,
606597502720511,NNL (Northwestern Nerf League),1,,
604863256227269,graduate student,1,,
603646183015643,Discussion Group,1,,
603646076348987,Discussion Group,1,,
614705868576341,BIP 394 Fall 2013,0,Business,Major
624074397639488,Us 5,0,,
623368461043415,Permeable Pavement for Ryan Field,0,,
621497197897208,Super duper late because facebook finally decided to let me make one,0,,
621190987927829,The Penthouse,0,,
606597439387184,NNL (Northwestern Nerf League),0,Nerf,Student Organization/Club Groups
617506148296313,DZ LXA Dance Marathon 2014,0,Delta Zeta,Greek
619039484809646,Junior Achievement Northwestern Exec Board,0,Junior Achievement Northwestern,Student Organization/Club Groups
612862148760713,DELTA NU DM 2014,0,Kappa Delta,Greek
610039692376292,¡AMP STAT 2013!,0,Statististics,Major
615793271800934,NU Eco-Reps 2013-2014,0,Eco-Reps,Student Organization/Club Groups
621099927936935,Weinberg Student Advisory Board 2013-2014,0,Weinberg,School Groups
617576931622568,Sigma Nu Brotherhood Committee,0,Sigma Nu,Greek
619518108095117,Hillel Social Team,0,Hillel,Student Organization/Club Groups
608244635889131,Catholic Scholars (and alumni scholars),15,Catholic Scholars,Student Organization/Club Groups
610853555628239,Kellogg Wilderness Club,0,Kellogg,Student Organization/Club Groups
610851155628479,Kellogg Wilderness Club,0,Kellogg,Student Organization/Club Groups
610850748961853,Kellogg Wilderness Club,0,Kellogg,Student Organization/Club Groups
610854055628189,Kellogg Wilderness Club,158,Kellogg,Student Organization/Club Groups
603456383034623,Northwestern League of Legends Club,0,League of Legends,Student Organization/Club Groups
604664232913838,STITCH writers 2013-2014,0,STITCH,Student Organization/Club Groups
607641085949486,APEX DANCE MARATHON 2014,0,Dance Marathon,Student Organization/Club Groups
619936964719898,Delt Basketball Association,0,Delt,Greek
616402138406714,Sandra Marquez Acting Studio Class of 2016,0,Sandra Marquez,Student Organization/Club Groups
605069159540012,Northwestern Men's Crew 2013-2014,0,Crew,Student Organization/Club Groups
624358840944377,ASG Exec 2013-2014,0,ASG,Student Organization/Club Groups
608325209214407,da most iNCRedible DM cats,0,Dance Marathon,Student Organization/Club Groups
616838451696416,Tridelt & SAE DM 2014!,0,Tridelt,Greek
620427281337533,Lindgren Hall,0,Lindgren,Residence
619353168111611,Alice Millar Chapel Choir 2013-2014,0,Alice Millar,Student Organization/Club Groups
605615186152076,SuperHiros!,0,Allison,Residence
606378246075770,Childhood & Adolescence Parent Group,0,Childhood & Adolescence Parent,Student Organization/Club Groups
602055009841427,ICE Group B 2013 (Team Panda),6,,
596887120358216,Promotion 2 018,1,,
593332500713678,Phi Delta Epsilon Fall 2013 Recruitment!!!!,1,,
583872614993000,NU AAIV Move-In Crew,5,,
582778218435773,Ultimate (and/or chill) Feinberg Frisbee,3,,
602936103086651,"APA, NSBE SWE:""Ahead of the Curve!""",12,APA,Student Organization/Club Groups
586067948106800,Kaplan Scholars 2013,0,Class of 2013,Graduation Year
595353163844945,"Get off your ass, Xi '13",0,Xi,Greek
596850323695229,Medill IMC Online,0,Medill IMC,Majors
600836593296602,3rd Floor Willardites 2017!,0,Willard,Residence
597460933634168,SMQ IN Soccer,0,SMQ,Residence
582385585141703,"Northwestern New-""ish"" MatSci Grad Students 2013",0,Mat Sci,Major
588169677896627,KANU 농구 13-14,0,KANU,Student Organization/Club Groups
580445258669069,Experimenting with Economics,0,Economics,Major
600311693349092,Northwestern Running Club 2013-14,0,Running,Student Organization/Club Groups
586447391402189,NU Musicians,56,NU Musicians,Student Organization/Club Groups
600003630046565,Spanish 125-0!,23,Spanish,Major
595739287139666,Northwestern Commuters,0,Commuting,Student Organization/Club Groups
598672980179630,NU Women's Club Soccer 2013-2014,0,Soccer,Student Organization/Club Groups
595728893807372,2015 MFA Writing for the Stage and Screen,0,MFA,Student Organization/Club Groups
582113381835590,Elder FF 2013 #2,0,Elder,Residence
596059687107626,NUPT Class of 2015/2016 Social Committee,0,NUPT,Student Organization/Club Groups
596059573774304,NUPT Class of 2015/2016 Social Committee,0,NUPT,Student Organization/Club Groups
599409806772614,Psychology of Food,0,Psychology,Major
595812877132307,The Breaking Badasses!,0,,
599591626754432,Econ Study Group,0,Economics,Major
595728173807444,MFA Writing for the Screen and Stage '15,0,MFA,Student Organization/Club Groups
599033993476862,NSTV Exec 2013-2014,0,NSTV,Student Organization/Club Groups
599640950082833,Sarahmaria's 301 Class,0,Journalism,Student Organization/Club Groups
591566924223569,Best PA Group Ever!!!,0,,
595121080534820,4th Floor Jones 2013-14,0,Jones,Residence
587091041337824,EX Fantasy Football 2013,0,Fantasy Football,Student Organization/Club Groups
600097123370549,Northwestern MSiA Korean Network,0,Korean,Student Organization/Club Groups
591494127564182,Goodrich House 2013-14,0,Goodrich,Residence
596555413724720,Elder Cockpit 2013-2014,0,Elder,Residence
585156491531279,The Kids Are All Right,0,,
585115578202037,Sowa's PA Group!,0,,
574077005972561,The Sweet Life at NU,0,Sweet Life,Student Organization/Club Groups
600359133344348,MATH 291 (2013-2014),0,Math,Major
588596174520644,NU Fantasy League,0,Fantasy Football,Student Organization/Club Groups
596059710440957,NUPT Class of 2015/2016 Social Committee,0,NUPT,Student Organization/Club Groups
602346413145620,A4AC Exec 2013-2014,0,A4AC,Student Organization/Club Groups
601818816531713,Chem 171 Study/Lab Group,0,Chemistry,Major
578471195533142,Elder Residential Community,1,,
577375615642700,Music Performance,2,,
570899366290325,Worcester House,1,,
567849736595288,2014 Midwest Conference for Undergraduate Women in Physics,1,,
561514177228844,FREE WILLIES MINGLE AND UNITE,1,,
556249427755319,Cross Country,1,,
552965341417061,NU Greek IV Summer Shenanigans,3,,
551750191538576,Northwestern Class of 2014,2,,
551345891579006,UCM Summer 2013,9,,
550042345042694,FC Chicago,1,,
550042095042719,Chi town Fútballers,1,,
549080001805595,Italian,2,,
539689232744672,"Class of 2,010",1,,
577086705671591,KMLA - Northwestern,0,,
577086579004937,KMLA - Northwestern,0,,
574969895883272,Northwestern Fantasy Football 2013-14 Semi,0,Fantasy Football,Student Organization/Club Groups
561070550606540,Northwestern Dota 2 Group,15,Gaming,Student Organization/Club Groups
570599559653639,Kedric's Most Excellent PA Group,0,,
568640799849515,Andrew's Group of Eloquent and Awe-Inspiring Persons,0,,
564593210254274,Central Park Cricket Sundays,0,Cricket,Student Organization/Club Groups
539864492727146,Pi Phi Evanston Summer 2013,0,Pi Phi,Greek
562828147097447,Old ISRC 2013-2014,0,ISRC,Residence
561610030552592,Shepard Residential College 2013-2014,0,Shepard,Residence
546867248693537,CASB 2013,0,CASB,Student Organization/Club Groups
544534172260178,NU Mixed Race Students,170,NU Mixed Race Students,Student Organization/Club Groups
563360193710909,Jones Residential College 2013-2014,0,Jones,Residence
547576895289239,THAILAND,0,Thailand,Location/Time Groups
560017610711834,Excel 2013,0,BioExcel,Student Organization/Club Groups
553699474676981,MS Biotechnology Program. Class of 2015,29,Biotechnology,Majors
567313473315581,Color Run - NU Class of 2017,0,Class of 2017,Graduation Year
564466916933570,Taglit-Birthright Israel Bus 1101!,0,Israel,Location/Time Groups
564364323610496,Sargent Hall 2013 - 2014,0,Sargent,Residence
564076510305944,Bobb-McCulloch Hall 2013-2014,0,Bobb,Residence
556886107691651,Willard 2013-2014,0,Willard,Residence
555708744476054,Chi Omega Xi Chapter Abroad,0,Chi Omega,Greek
560190534027875,Northwestern EXCEL Program (COUNSELORS EDITION),0,BioExcel,Student Organization/Club Groups
552965278083734,NU Greek IV Summer Shenanigans,0,Intervarsity,Greek
548847658495496,RCB VPs 2013-2014,0,RCB,Residence
561461737234088,AAIV -  SUMMER 2013,32,AAIV,Residence
543303122383283,Barcelona Summer Study Abroad,0,Barcelona,Location/Time Groups
547717485275180,Board Game Nights at The Meeple Grove,0,Board Games,Student Organization/Club Groups
575376929175902,ESW Summer Fellowship 2013,0,Engineers for a Sustainable World,Student Organization/Club Groups
568047989908796,PARC (Public Affairs Residential College),11,PARC,Residence
566756136704648,Peru SA 2013,0,Peru,Location/Time Groups
537892069591055,graduate school,3,,
536671109713151,BSI and Arabic,1,,
534838979896364,uLtIMatES,2,,
534438216603107,"Class of 2,013",1,,
527768837270045,"Class of 2,015",1,,
525208960859366,Journalism,3,,
521416737905255,Spring Tennis,3,,
520949244618671,Northwestern University Wall Street Trek,2,,
509116932468569,Interfaith Initiative,1,,
506491612731101,NU students doing JR in NYC-Winter Qtr-'13,5,,
506250119421917,Master of Public Policy and Administration,7,,
537194746327454,"Class of 2,016",0,Class of 2016,Graduation Year
533542346692694,Summer Studs 2013!,0,Summer,Location/Time Groups
527366093976986,SUSTAINED DIALOGUE NU!!!,33,Sustained Dialogue,Student Organization/Club Groups
531941440186118,Dapper Life,0,Dapper,Student Organization/Club Groups
511379772242285,Northwestern Delta Chi Pi Class,0,Delta Chi,Greek
531943220185940,Dapper Longform,0,Dapper,Student Organization/Club Groups
530328147014114,ZBT Studies Abroad,0,ZBT,Greek
513432515370344,Gender Politics,0,Gender Poltics,Major
516811035032492,Witte's Econ 201 Spring 2013,0,Economics,Major
526624480717814,Los Oboeriños,0,,
523658381014424,Spanish 207,0,Spanish,Major
529259997120929,WRESTLEPOCALYPSE VII,0,Wrestlepocalypse,Student Organization/Club Groups
523703901009872,Bio group,0,Biology,Major
523989917647937,Shep Exec 13-14,0,Shepard,Residence
512773712102891,KASA Ballers,28,KASA,Student Organization/Club Groups
526316997415229,Sig Nu Engineers '16,0,Sigma Nu,Greek
523376927709236,BIO BUDDIES,0,Biology,Major
534059003307695,Spring 2013 Bigs <3,0,Spring Break,Location/Time Groups
534340496612879,BIP 260,0,Business,Major
522159867830942,compression pockets,0,,
521068284606767,NU freshman BITCHEZZ!,0,,
524503870929875,Kappa Delta & AEPi Relay 2013,0,Kappa Delta,Greek
529073967139532,Honors EA 2013,0,Engineering,Major
520730801307182,SoC International Media Seminar 2013,0,Journalism,Student Organization/Club Groups
529289700451292,Let's Talk About It!,162,Let's Talk About It!,Student Organization/Club Groups
520105064703089,RTVF in CA!,49,RTVF,Major
525833494130246,Pick Up Basketball,0,Basketball,IM Sports
528900343823561,Fire Nation!,0,CSA,Student Organization/Club Groups
503593833020879,NU Non-Profit Forum,38,NU Non-profit Forum,Student Organization/Club Groups
528510740529188,NUSWAG,14,NUSWAG,Student Organization/Club Groups
537490386297890,NU Undergraduate Premedical Society,117,Premedical Society,Student Organization/Club Groups
507432959303633,Spring Break in Qatar,0,Qatar,Location/Time Groups
525156557531273,SESP Certificate of Civic Engagement 2013,0,SESP,School Groups
525934644120131,Boards of Willard (Not Canada),0,Willard,Residence
487434377970158,Northwestern Shinny,6,,
486324174747845,182 CASPiE Winter13 D-2,2,,
485290221517907,EMP92,1,,
483891664991096,Consumerism Psychology,4,,
482187278494868,"Class of 1,998",1,,
477706582276271,Northwestern Interns -Bay Area/ Silicon Valley,2,,
476974492349480,CSD,1,,
476497575730505,"Class of 2,005",1,,
475296355850627,Information Systems,3,,
472588976121365,"Class of 2,001",1,,
469959199717676,"Class of 2,012",1,,
469463769767219,Sustainability,1,,
468012796578983,MSIS,6,,
480648848648711,ASBest Group Ever: Gettin' in the Arizoneee,0,ASB,Student Organization/Club Groups
455789414467988,Inspire Productions 12-13',0,Inspire Production,Student Organization/Club Groups
454984321215164,Communication Studies Advising,0,Communication Studies,Majors
496318340415095,SWUTs,0,Theta,Greek
500260713354191,Boobwinestern,23,Wine,Student Organization/Club Groups
498290570217872,CSD Advising,0,Communication Studies,Majors
491711500875779,Tuba Quartet,0,Tuba,Student Organization/Club Groups
485134911533438,THE Official NU Puerta Vallarta Villa Krew,48,Puerta Vallarta,Student Organization/Club Groups
496708033709459,NU does ULTRA,0,ULTRA,Student Organization/Club Groups
467393499974246,Entrepreneurs of Northwestern,0,Entrepeneurs,Student Organization/Club Groups
463909860322610,Habitat goes to the UP!! :))),0,Habitat for Humanity,Student Organization/Club Groups
499760640070865,DFA Summer Studio 2013,29,DFA,Student Organization/Club Groups
496806077032988,Clarence Waldron's 201 Lab Group,11,Chemistry,Major
483361078377488,KALABAW aka team domination,0,,
486198778093718,DTC Section 8 Team 2,0,Engineering,Major
468355939878002,ASB Budapest 2013,0,ASB,Student Organization/Club Groups
484668771580052,NU Aural Skills Group Meetings,0,Aural Skills,Student Organization/Club Groups
466232620090334,Feminism Discussion (RAEVIN),0,Feminism,Student Organization/Club Groups
465470593499870,North by Northwestern Winter 2013 Magazine,0,North by Northwestern,Student Organization/Club Groups
486023721444557,Don't Toews Me Bro! IM Floor Hockey 2013,0,Floor Hockey,IM Sports
460306580682938,Northwestern Global Architecture Brigades,15,Northwestern Global Architecture Brigades,Student Organization/Club Groups
498831626830433,IMC 300,0,IMC,Major
492401400806789,Phi Delta Epsilon Illinois Gamma,0,Phi Delt,Greek
461052077275055,멘붕노우모어,0,,
485752511471678,DU Associate Members 2013,0,Delta Upsilon,Greek
502792309767698,Lost & Found,127,Lost & Found,Classifieds
482778795102383,Kiesling W2013 Econ 202 Class,0,Economics,Major
499310233449239,ASBPR,0,ASB,Student Organization/Club Groups
496443593735903,CKNU Leadership Team!,0,CKNU,Student Organization/Club Groups
466758330037763,Mee-ow Production Team 2013!,0,Mee-ow,Student Organization/Club Groups
462253357154927,NU Eco-Reps 12-13,0,NU Eco-Reps,Student Organization/Club Groups
497609090286020,Superbowl Extravaganza!,0,Superbowl,Location/Time Groups
454957617884501,Delta Upsilon,1,,
446412885405641,Soul4Real Acapella,2,,
446110062102590,Syntax Club,9,,
443946362318960,Willard,2,,
443373242376272,Northwestern SWE,9,,
441912299189033,Do You Believe?,24,,
441748732538723,Shepard,2,,
437364689643794,Northwestern Fantasy Basketball,3,,
434081799972083,2014 年入学,1,,
434007579979505,Soccer,1,,
433339536712976,Class of 2013,1,,
427885853925011,GHT South Africa!!,8,,
427850970595166,Northwestern Barbell Society,8,,
426141397432790,Class of 2009,1,,
450604471653149,Bobb Hall Gov,0,Bobb,Residence
451960574850872,Wed/Fri Group II,0,,
441596535887276,Movie nights for Intro to Shakes,0,Intro to Shakespeare,Major
442469675799962,BIP 260 YUM! Project,0,Business,Major
435559093157687,S.A.W.,0,SAW,Student Organization/Club Groups
445513335495596,NUMT 1985 Chicago Bears,0,NUMT,Student Organization/Club Groups
432261873487409,ASB TreePittsburgh 2012-,0,ASB,Student Organization/Club Groups
443011192412477,McCormick Math Suicide... ES_APPM 252,0,Math,Major
441077412605855,Elder Ultimate Frisbee,22,Elder,Residence
450190001694596,NU Puerto Vallarta Spring Break 2013,0,Puerto Vallarta,Location/Time Groups
440397326007197,Shepard textbooks,67,Shepard,Residence
435593863154210,Chamber Music at NU!,19,Music,Major
429915493722047,NU Class of 2016 Redditors,0,Class of 2016,Graduation Year
432777340102529,Kaplan Scholars 2012-13,28,Kaplan Scholars,Student Organization/Club Groups
443838662329730,NU Veg Society,72,NU Veg Society,Student Organization/Club Groups
451174224929507,GEL Fall 2012 Wednesday Class,0,Global Engagement Learning,Major
438814442832152,FreshmenFest2012,0,FreshmanFest,Student Organization/Club Groups
447392318641031,Settlers of Catan Club,16,Settlers of Catan,Student Organization/Club Groups
453381111375485,ASG Senators 2012-13,0,ASG,Student Organization/Club Groups
445772482136348,Community Connections Project,0,Community Connections Project,Student Organization/Club Groups
429435190436744,Jesse's PA Group 2012,0,,
429204780459785,Kiesling's F2012 Freshman Seminar & Advising,0,,
427328783980718,PA Group!,0,,
426455817401348,Freshman Seminar: How to Become an Expert in Roughly 10 Weeks,0,,
425533857493544,Dream Ticket,0,,
424559730924290,the loveliest PA group ever,0,,
438621359518127,Fantasy Football Shit Talking Group,0,Fantasy Football,Student Organization/Club Groups
447785165268413,MATH 290 GROUP,0,Math,Major
439615186085411,NU Dolphin Show Alumni,0,NU Dolphin Show,Student Organization/Club Groups
448584858521777,NUCHR Logistics '12-'13,0,NUCHR,Student Organization/Club Groups
445137232199873,SGC SQUAD,0,SGC,Student Organization/Club Groups
423153881064875,Art & Design for Funsies,13,,
421965061183757,West Fairchild,10,,
410764138970516,"Economics, Psychology",1,,
398564186857178,MBA,14,,
398318086881788,Predictive analytics,1,,
383611771685753,Share surveys for classes/student groups,45,,
381069608606636,Northwestern Students for Education Reform,7,,
376162132430717,"Economics, Psychology, Music Composition",1,,
375378935842370,Class of 1999,1,,
374752622571668,Class of 2005,1,,
373404462706484,Japanese,7,,
423829487663981,WORLDS BEST PA GROUP 2012!!!!,0,,
371431959570401,Undertones,26,A Cappella,Student Organization/Club Groups
418008408246089,Allison Hall Triple,0,,
395498833830380,NU Slacklining,0,NU Slacklining,Student Organization/Club Groups
415302081850055,The Copenhagen Kids,0,Copenhagen,Location/Time Groups
416571181723145,DAT PA GROUP,0,,
378612155519048,GAILFORCE 2015,0,GAILFORCE,Student Organization/Club Groups
415719291808334,Chris's PA Group!,0,,
397789226934674,DZs in NYC - Summer 2012!,0,Delta Zeta,Greek
407325565981040,Apartment Awesomesauce,0,,
421944654519131,Bobb-McCulloch 2012-2013,337,Bobb,Residence
387687634611500,The Greek Emerged Leaders,0,IFC,Greek
372178082829122,SESP Honors 2012-13,0,SESP,School Groups
419754324738164,Vocal Performance/Economics,0,Vocal Performance,Majors
390428684337395,DZs in Chicagoland area - summer 2012 !,0,Delta Zeta,Greek
378802195500044,Pi Phi Summer in Evanston 2012!,0,Pi Phi,Greek
416585405055056,NU Clevelanders of 2016,0,Cleveland,Location/Time Groups
416439265069670,FUP 2012,0,FUP,Student Organization/Club Groups
421566037890326,Jones Residential College 2012-2013,95,Jones,Residence
418096068237323,No Strangers To Fiction (NSTF),22,No Strangers to Fiction,Student Organization/Club Groups
394127630634167,Summer Chillin 2012,146,Summer,Location/Time Groups
387734477940149,Predictive Analytics,42,Predictive Analytics,Majors
403195859727344,Central Politburo Standing Committee of the Corruption Party of Goodrich,0,Goodrich,Residence
379192745460989,SHAPE [Internal],0,SHAPE,Student Organization/Club Groups
422201707826759,1835 Hinman 2012-13,0,1835 Hinman,Residence
421882911191972,Allison Hall 2012-2013,194,Allison,Residence
406163772763886,Bienen Class of 2016!!,0,BIenen School of Music,School Groups
386851614695102,Northwestern University Interdepartmental Neuroscience Program,0,Neuroscience,Majors
424036827643247,Northwestern League of Legends Group,93,Northwestern League of Legends Group,Student Organization/Club Groups
409744065739190,Northwestern Political Union,15,Northwestern Political Union,Student Organization/Club Groups
417698311610432,Northwestern Swim Club,0,Northwestern Swim Club,Student Organization/Club Groups
402198599827070,SAW 2012,0,SAW,Student Organization/Club Groups
395805047133092,Summer '12!,80,Summer,Location/Time Groups
399454433434820,Northwestern University Transfers 2012-2013,0,Transfers,Student Organization/Club Groups
369411009772496,NCE,2,,
367578536622410,NROTC,1,,
367209969992600,BME,1,,
365953146784949,Project Wildcat,2,,
365235590190038,Classics,1,,
365214666858797,Beatbox and Vocal Percussion Norris Mini Course,7,,
364698150243782,Marketing 390,1,,
364697893577141,Organizational Behavior,2,,
364514213595509,Mechanical Engineering and Economics,2,,
364302946949969,Kemper Hall,7,,
364237430289854,"Economics, Political Science",2,,
364078710305726,Goodrich,1,,
364022770311320,Communications,1,,
363997403647190,Class of 2009,1,,
363754200338177,Extreme Measures,1,,
363713903675540,Project on Child Development,1,,
363408680372729,Bdaminton,3,,
363381927042071,Campus Kitchens at Northwestern University,7,,
363375457042718,Communic,1,,
363369670376630,IEMS - 202,1,,
363321150381482,Chicago Field Studies,1,,
363310293715901,Undergraduate Research,9,,
363252353721695,UNITY,1,,
363144810399116,History of the Holocaust,2,,
363018130411784,EECS 311,1,,
362958933751037,"Radio, Television, and Film an",1,,
362911353755795,Club Lacrosse,3,,
362797560433841,Single,1,,
362763503770580,Evans Scholars,5,,
362747023772228,Political Science,1,,
362727423774188,Design For America,1,,
362716893775241,Club Track and Field,5,,
362709120442685,Social Policy,1,,
362696450443952,Introduction to Judaism,1,,
364274093619521,French,92,French,Majors
362836260429971,Club Gymnastics,13,Club Gymnastics,Student Organization/Club Groups
363457153701215,Delta Tau Delta,0,Delt,Greek
363131563733774,GREEN House,40,Green House,Residence
362672507113013,International Studies,18,International Studies,Major
364569520256645,IVCF: Intervarsity Christian Fellowship @ NU,129,IVCF,Student Organization/Club Groups
363960736984190,Inspire Media,21,Journalism,Student Organization/Club Groups
367996856580578,Kaibigan,43,Kaibigan,Student Organization/Club Groups
363794607000803,NU Heights,51,NU Heights,Student Organization/Club Groups
366805260033071,Philanthropy Chairs 12-13,17,Philanthropy,Student Organization/Club Groups
364126296967634,SMQ,0,South Mid Quads,Residence
367923266587937,The Flipside,0,The Flipside,Student Organization/Club Groups
362987187081545,The Panini Players,17,The Panini Players,Student Organization/Club Groups
367815963265334,Turkish Student Association,62,Turkish Student Association,Student Organization/Club Groups
363914263655504,Ultimate Frisbee,11,Ultimate Frisbee,Student Organization/Club Groups
362527337127530,English in Creative Writing,4,,
362033647176899,Spanish,6,,
361845937195670,Musicologia,2,,
360687607311503,Lovers & Madmen,7,,
360433507336913,LOC,6,,
359715674075363,Boomshaka,9,,
359708770742720,Club Baseball,1,,
359672394079691,Slut Hall,16,,
359395334107397,"Sigma Psi Zeta Sorority, Inc.",10,,
359216280791969,Theater,4,,
359180377462226,Asian Languages and Civilizations,3,,
359049217475342,Lingren Hall,2,,
359044664142464,euphonium performance,5,,
359023960811201,Journalism 211,1,,
359016827478581,Golf,1,,
358991824147748,Orgo,3,,
358986734148257,Seabury,6,,
358976167482647,Supplies for Dreams,8,,
358890280824569,haven't decided,1,,
358820660831531,Taekwondo,7,,
358818237498440,The Ridge,1,,
358816514165279,Algebraic Topology,1,,
358796454167285,Sound Design Ad Hoc,1,,
358792610834336,"ISP, Biology, Chemistry",2,,
358784564168474,Northwestern Debate Society,4,,
360429420670655,Ski Team,17,Ski Team,Student Organization/Club Groups
359774204069510,Tennis,15,Tennis,Student Organization/Club Groups
359032307477033,Alpha Phi,57,Alpha Phi,Greek
361501973896733,A&O Productions,36,A & O Productions,Student Organization/Club Groups
359058677474396,A Cappella,134,A Cappella,Student Organization/Club Groups
362607020452895,NU AAIV: Asian American Intervarsity,351,AAIV,Residence
358944904152440,Alpha Chi Omega,0,Alpha Chi Omega,Greek
359081327472131,Anthropology,61,Anthropology,Majors
359940140719583,Northwestern APAC Community,182,APAC,Student Organization/Club Groups
360003884046542,Engelhart,11,Engelhart,Residence
359077350805862,Environmental Policy & Culture,32,Environmental,Student Organization/Club Groups
359929734053957,US Gay and Lesbian History,11,History,Major
358929907487273,ISBE,24,ISBE,Student Organization/Club Groups
358801190833478,KASA,143,KASA,Student Organization/Club Groups
359167747463489,Manufacturing and Design Engineering,20,Manufacturing and Design Engineering,Majors
359057170807880,NMQ,16,North Mid Quads,Residence
359406114106319,Northwestern Football,62,Northwestern Football,Student Organization/Club Groups
362613063785624,Pi Beta Phi,78,Pi Beta Phi,Greek
359007307479533,Plex,20,Plex,Residence
359111920802405,ReFresH Dance Crew,179,ReFresH Dance Crew,Student Organization/Club Groups
362565240457073,Sigma Chi Omega Chapter,0,Sigma Chi,Greek
359453560768241,Sociology 302,0,Sociology,Major
362203643826566,NU Solar Car Team,0,Solar Car,Student Organization/Club Groups
359237110789886,Wrestlepocalypse,27,Wrestlepocalypse,Student Organization/Club Groups
358776020835995,Harp Performance,1,,
358771214169809,EECS 311,1,,
358768797503384,Society of Women Engineers,1,,
358760194170911,Modern III,1,,
358759017504362,Water Polo,3,,
358740457506218,Women's Rugby,5,,
358732140840383,Boxing Club,1,,
358720080841589,kemper,5,,
358716430841954,Sports Administration,3,,
358682424178688,English,6,,
358677060845891,Undecided,9,,
358684717511792,Voice and Opera Performance,103,Voice and Opera Performance,Majors
358739587506305,CRC,118,CRC,Residence
358656374181293,1835 Hinman,43,1835 Hinman,Residence
358772520836345,Allison Hall,54,Allison,Residence
358709980842599,Art Theory and Practice,32,Art Theory and Practice,Majors
358689357511328,Biological Sciences,306,Biological Sciences,Majors
358713257508938,Biotechnology,22,Biotechnology,Majors
358642880849309,Bobb Hall,87,Bobb,Residence
358744687505795,Residential College of Cultural and Community Studies (CCS),14,CCS,Residence
358688960844701,Chapin Hall,48,Chapin,Residence
358721437508120,Chemical Engineering,103,Chemical Engineering,Majors
358698124177118,Chi Omega,75,Chi Omega,Greek
358727957507468,Class of 2010,180,Class of 2010,Graduation Year
358722030841394,Class of 2011,472,Class of 2011,Graduation Year
358689517511312,Delta Zeta,59,Delta Zeta,Greek
358779360835661,Earth and Planetary Sciences,27,Earth and Planetary Sciences,Majors
358765547503709,Fencing,22,Fencing,Student Organization/Club Groups
358649810848616,IEEE-NU,17,IEEE-NU,Student Organization/Club Groups
358700527510211,Industrial Engineering,239,Industrial Engineering,Majors
358780540835543,ISP,70,ISP,Majors
358672464179684,Jazz Studies,12,Jazz Studies,Majors
358747277505536,Kappa Delta,105,Kappa Delta,Greek
358755787504685,Learning and Organizational Change,71,Learning and Organizational Change,Majors
358695940844003,Marching Band,260,Marching Band,Student Organization/Club Groups
358757124171218,NCDC,16,NCDC,Student Organization/Club Groups
358783590835238,Off Campus,177,Off Campus,Residence
358763230837274,PASA,12,PASA,Student Organization/Club Groups
358745494172381,Physics,26,Physics,Majors
358683180845279,Rainbow Alliance,168,Rainbow Alliance,Student Organization/Club Groups
358750427505221,RTVF,323,RTVF,Major
358685724178358,"Radio, Television, and Film",316,Sciences,Majors
358644684182462,Shepard Residential College,233,Shepard,Residence
358667504180180,Slivka Hall,114,Slivka,Residence
358726504174280,Sociology,12,Sociology,Major
358694300844167,Statistics,15,Statistics,Major
358772894169641,TASC,34,Tasc,Student Organization/Club Groups
358663300847267,Theatre,640,Theatre,Majors
358623297517934,Willard Residential College,251,Willard,Residence
358428504204080,Triathalon,3,,
357858807594383,Jobs & Internships,4902,,
357858790927718,Campus Tips,1863,,
763307290382864,PA Group!!,0,,
672383426141918,SB2014,0,,
599959760050952,Advil ft. The Bird Killers,0,,
577086615671600,KMLA - Northwestern,0,,
527318610648401,Red Door,0,,
425764997470430,Witte's 2012 Freshman Seminar,0,,
416346048412325,Three's Company: NU's Greatest PA Group,0,,
806817499365176,Northwestern Taekwondo Exec,0,,
357858827594381,Housing,2028,,
785426371504289,Allison IM Volleyball Team,0,Allison,Residence
604995802880681,E4,0,Bobb,Residence
379250085455255,Brady Scholars 2015,0,Brady Scholars,School Groups
806194086094184,CIVE 2014-2015,4,CIVE,Student Organization/Club Groups
358455037534760,Northwestern Class of 2012,1158,Class of 2012,Graduation Year
358613557518908,Class of 2015,1893,Class of 2015,Graduation Year
442174735829456,Comedy Forum,0,Comedy Forum,Student Organization/Club Groups
561607343886194,CRC (East Fairchild) 2013-2014,0,CRC,Residence
617557238291204,Water Dynasty (Best Dynasty),0,CSA,Student Organization/Club Groups
489287147784881,NU Davis UWC Scholars,0,Davis UWC Scholars,Student Organization/Club Groups
692687650778162,Goguryeo Kingdom,0,Goguryeo Kingdom,Student Organization/Club Groups
362875823759348,The Insight Group,0,Insight Group,Student Organization/Club Groups
740247639355496,Integrated Science Program Class of 2018 (EC '14),0,Integrated Science Program,Majors
590280001018928,J1F staff (aka J1FFY LUBE),0,J1f,Student Organization/Club Groups
476834475696815,NU 2012 JASS,0,JASS,Student Organization/Club Groups
793736000673326,Jones DM 2015,0,Jones,Residence
769721473074779,TFJ 2014-15,0,Jones,Residence
358537834193147,Journalism,804,Journalism,Student Organization/Club Groups
560700683976860,NU in Korea 2013 Summahh,0,Korea,Location/Time Groups
623563727690555,Lulu at Northwestern,0,Lulu,Student Organization/Club Groups
707465565967037,Maysing 2014: ΧΩ ΣΨΖ ΘΧ ΦΔΘ,0,Maysing,Student Organization/Club Groups
524150247631904,Methods- World of Theater,0,Methods,Student Organization/Club Groups
451522868227976,NCBI 2012!,0,NCBI,Student Organization/Club Groups
780544228659170,2016 NU/TFI Counseling Cohort (Student Group),0,NU TFI,Student Organization/Club Groups
497997996913796,Phi Sigma Pi Zeta Omicron Gamma Class,0,Phi Sigma Pi,Greek
657684230945171,PhiDE Social Programming,0,PhiDE,Student Organization/Club Groups
358481424198788,Psychology,304,Psychology,Major
363370383709892,RCB Academic and Alumni Affairs,0,RCB,Residence
552971951416400,First Night @ Sheil 2013 Volunteers,0,Sheil Catholic Center,Student Organization/Club Groups
777534365626823,Studio 20Q Grant Recipients,0,Studio 20Q,Student Organization/Club Groups
672862202760707,D&I Committee,0,Sustained Dialogue,Student Organization/Club Groups
529856323727963,Sustained Dialogue - Wednesday 7-8:30,0,Sustained Dialogue,Student Organization/Club Groups
759159300797663,NU Grads of Utah,0,Utah,Location/Time Groups
742420355804891,Lauren's Peer Advisee MEGA GROUP!,0,,
579712268742368,Rachel's PA GROUP 2013,0,,
424330260947237,Elizabeth's PA Group 2012-2013,0,,
792942027419390,NU World Cup Sponsorship Committee 2014-15,0,NU World Cup,Student Organization/Club Groups
413748492005414,Northwestern Federal Reserve Challenge,0,Northwestern Federal Reserve Challenge,Student Organization/Club Groups
621318567915071,NU tones,1,,
359023077477956,1856 Orrington,0,1856 Orrington,Residence
364890066891257,THUNK a cappella,0,A Cappella,Student Organization/Club Groups
448569751856621,NU AKPsi Fall 2012 Pledge Class,0,Alpha Kappa Psi,Greek
362577420455855,Arts Alliance,0,Arts Alliance,Student Organization/Club Groups
455810791132517,ASG PR,0,ASG,Student Organization/Club Groups
602811823099079,"Theory/Aural Skills, Round 2: WE WILL SURVIVE.  :)",0,Aural Skills,Student Organization/Club Groups
358804684166462,Bienen School of Music,559,Bienen School of Music,School Groups
730886773624916,BioExcel/ChemExcel 2014,24,BioExcel,Student Organization/Club Groups
363207207059543,NU BioScientist Program,0,Biology,Major
489710797742516,Cookies and Musical Parodies Appreciation Society (C.A.M.P.A.S.),0,C.A.M.P.A.S.,Student Organization/Club Groups
444800808900182,Carpe Diem Planning,0,Carpe Diem,Student Organization/Club Groups
430409193672677,Chabad Birthright Winter 2012,18,Chabad,Student Organization/Club Groups
730139030366357,Northwestern University Transfer Students 2014-2015!,0,Class of 2015,Graduation Year
696934443686816,Conducting 326: Spring Quarter 2014,0,Conducting,Major
453851191328477,DM Technology Resources 2013,0,Dance Marathon,Student Organization/Club Groups
776856622361264,Elder DTC Group 1,0,Engineering,Major
522211364492459,DTC Spring 2013,0,Engineering,Major
763871636993096,NU Fantasy Football,0,Fantasy Football,Student Organization/Club Groups
626175070762754,Hinman 4th Floor (the best floor),0,Himan,Residence
725467414166852,ISRC (International Studies Residential College) 2014-2015,0,ISRC,Residence
777795022267424,KDwelling 2014-2015,0,Kappa Delta,Greek
358736304173300,Lambda Chi Alpha,0,Lambda Chi Alpha,Greek
654937437886517,Daughters of Martha Foote Crow 2014,0,Martha Foote Crow,Student Organization/Club Groups
623795151000746,NU Mat Sci [Fill in the Blank] Class,0,Mat Sci,Major
550487484998180,Match Corps: Chicago Teaching Fellows,0,Match Corps,Student Organization/Club Groups
537867599593502,MEDLIFE Exec Board 2013-14,0,MEDlife,Student Organization/Club Groups
671612709552323,Northwestern University MPPA-DL Cohort,0,MPPA,Student Organization/Club Groups
684510031595924,NUPT Class of 2017,0,NUPT,Student Organization/Club Groups
596059757107619,NUPT Class of 2015/2016 Social Committee,0,NUPT,Student Organization/Club Groups
532912616755667,SHARC Swing Dancing,0,SHARC,Residence
578217315558530,Shelton ITLP Interns '13,0,Shelton ITLP,Location/Time Groups
608878825825712,Shepard Residential College- 1st Floor,0,Shepard,Residence
788651881181738,Shepalum monthly bar night,0,Shepard,Residence
674790059234588,A Tradition Unlike Any Other: Sigma Nu Engineering,0,Sigma Nu,Greek
501911419855787,ISA World Cup 2013: Team Spain,0,Soccer,Student Organization/Club Groups
604665572913704,2013 Wildside road trip to Wisconsin,21,Wildside,Student Organization/Club Groups
392524200794510,Chapin Res College 2012-2013,0,Chapin,Residence
598598516853743,Chemistry GSW? I'm in my element,0,Chemistry,Major
790466397666953,Chem 171 Study Group,0,Chemistry,Major
397658836947713,Chi O NYC Summer '12,0,Chi Omega,Greek
358632470850350,Northwestern University Class of 2013,1399,Class of 2013,Graduation Year
358481114198819,Northwestern University Class of 2014,1573,Class of 2014,Graduation Year
456394767740786,"Feinberg Class of 2016 ""for all things outside the curriculum""",0,Class of 2016,Graduation Year
793674697346123,Northwestern Men's Crew 2014-2015,21,Crew,Student Organization/Club Groups
674451412601786,NU Cru: Class of 2017,0,Cru,Student Organization/Club Groups
529868100393452,DM Exec 2014,0,Dance Marathon,Student Organization/Club Groups
714298961950364,Engineers Without Borders - Public Relations Committee,0,Engineers Without Borders,Student Organization/Club Groups
359142437466020,Global Medical Brigades,14,Global Medical Brigades,Student Organization/Club Groups
772776936102566,Hinman 4rth Floor 2014-2015,0,Hinman,Residence
718352001545060,GreekBuild 2014-15,0,IFC,Greek
540967875950141,"Wednesday Greek Emerging Leaders, Spring 2013",0,IFC,Greek
610850935628501,Kellogg Wilderness Club,0,Kellogg,Student Organization/Club Groups
791960437517549,Microsoft Student Partner Group at NU,67,Microsoft Student Partner Group at NU,Student Organization/Club Groups
358782790835318,Muslim Cultural Students Association,172,Muslim Cultural Students Association,Student Organization/Club Groups
535280166518912,Nonrural Roo,4,Nonrural Roo,Student Organization/Club Groups
656525891061005,Mid-Quads (or whoever) PSYCH Study Group,5,North Mid Quads,Residence
713602618686665,Northwestern University Fitness and Aesthetics Club [NUFAC],8,Northwestern University Fitness and Aesthetics Club [NUFAC],Student Organization/Club Groups
466575820056014,"Nicaragua, NUCHR 2013",0,NUCHR,Student Organization/Club Groups
596059727107622,NUPT Class of 2015/2016 Social Committee,0,NUPT,Student Organization/Club Groups
749849468395313,PARC (Public Affairs Residential College) 2014-2015,0,PARC,Residence
620430924670502,Northwestern Phi Alpha Delta,4,Phi Alpha Delta,Greek
583768691670059,Spring Break Puerto Vallarta 2014,0,Puerto Vallarta,Location/Time Groups
446550742058522,Spanish 125 project group,0,Spanish,Major
362680843778846,Northwestern Speech Team,13,Speech Team,Student Organization/Club Groups
729555187091408,Summer fun in Chicago,5,Summer fun in Chicago,Location/Time Groups
694781210568806,Sustained Dialogue Spring 2014,14,Sustained Dialogue,Student Organization/Club Groups
665885800125014,Synthesis Project- Exercise Following Stroke,0,Synthesis Project,Student Organization/Club Groups
801574683222791,THE Augustana Archive,1,THE Augustana Archive,Student Organization/Club Groups
706127939434133,Northwestern University Voice & Opera Class of 2018,0,Voice & Opera,Majors
507080856005510,WOOSHACK EXEC SUCKAHH,0,Woo,Student Organization/Club Groups
446987025348227,ZTA Bio 216!,0,Zeta Tau Alpha,Greek
523586724354923,Weird Beliefs - Spring 2013,11,Spring Break,Location/Time Groups
